=== Plot Generation Pipeline Started at Mon Nov 17 13:07:09 CET 2025 ===
[0;34m[INFO][0m Starting plot generation pipeline...
[0;34m[INFO][0m Script directory: /Users/piccoletto/Desktop/Everything/pisa/tesi/Sustainable-Code-Refactoring-with-LLMs
[0;34m[INFO][0m Thesis root: /Users/piccoletto/Desktop/Everything/pisa/tesi
[0;34m[INFO][0m Plots destination: /Users/piccoletto/Desktop/Everything/pisa/tesi/scrittura/plots
[0;34m[INFO][0m [1/8] Generating dataset statistics...
2025-11-17 13:07:10,223 - __main__ - INFO - Starting Dataset Statistics Module
2025-11-17 13:07:10,224 - __main__ - INFO - Starting statistics collection for 394 clusters
2025-11-17 13:07:10,318 - __main__ - INFO - Statistics collection completed: 1673 total entries
2025-11-17 13:07:10,318 - __main__ - INFO - Creating visualizations...
2025-11-17 13:07:11,065 - __main__ - INFO - Charts saved to: /Users/piccoletto/Desktop/Everything/pisa/tesi/Sustainable-Code-Refactoring-with-LLMs/src/stats_dataset/reports/dataset_language_distribution.[png|pdf|svg]
2025-11-17 13:07:11,065 - __main__ - INFO - Created 1 visualization(s)
2025-11-17 13:07:11,065 - __main__ - INFO - Statistics saved to: /Users/piccoletto/Desktop/Everything/pisa/tesi/Sustainable-Code-Refactoring-with-LLMs/src/stats_dataset/reports/dataset_statistics.json
2025-11-17 13:07:11,065 - __main__ - INFO - Dataset Statistics Module completed successfully

============================================================
DATASET STATISTICS SUMMARY
============================================================

Total Clusters: 394
Total Entries: 1673

Entries by Language:
  - Go: 402 entries (24.0%)
  - JavaScript: 302 entries (18.1%)
  - TypeScript: 297 entries (17.8%)
  - Python: 213 entries (12.7%)
  - C: 176 entries (10.5%)
  - Java: 174 entries (10.4%)
  - C++: 109 entries (6.5%)
============================================================

[0;32m[SUCCESS][0m Dataset statistics generated
[0;34m[INFO][0m [2/8] Generating execution metrics and pass rate analysis...
2025-11-17 13:07:13,055 - __main__ - INFO - ================================================================================
2025-11-17 13:07:13,055 - __main__ - INFO - Starting Cross-Cluster Execution Metrics Analysis
2025-11-17 13:07:13,055 - __main__ - INFO - ================================================================================
2025-11-17 13:07:13,056 - __main__ - INFO - Calculator initialized
2025-11-17 13:07:13,056 - __main__ - INFO - Aggregating data across all clusters...
2025-11-17 13:07:13,056 - exec_metrics_calculator - INFO - Starting cross-cluster aggregation
2025-11-17 13:07:13,057 - exec_metrics_calculator - INFO - Found 394 clusters to process
2025-11-17 13:07:13,057 - exec_metrics_calculator - INFO - Processing cluster: find_peak_element
2025-11-17 13:07:13,057 - exec_metrics_calculator - WARNING - Base results file not found: find_peak_element_results_1.json
2025-11-17 13:07:13,057 - exec_metrics_calculator - WARNING - Base results file not found: find_peak_element_results_2.json
2025-11-17 13:07:13,057 - exec_metrics_calculator - WARNING - Base results file not found: find_peak_element_results_3.json
2025-11-17 13:07:13,057 - exec_metrics_calculator - WARNING - Base results file not found: find_peak_element_results_4.json
2025-11-17 13:07:13,057 - exec_metrics_calculator - WARNING - Base results file not found: find_peak_element_results_5.json
2025-11-17 13:07:13,057 - exec_metrics_calculator - INFO - Processing cluster: a0133clonegraph
2025-11-17 13:07:13,061 - exec_metrics_calculator - INFO - Processing cluster: kth_smallest
2025-11-17 13:07:13,066 - exec_metrics_calculator - INFO - Processing cluster: valid_anagram
2025-11-17 13:07:13,071 - exec_metrics_calculator - INFO - Processing cluster: log_levels
2025-11-17 13:07:13,075 - exec_metrics_calculator - INFO - Processing cluster: count_triplets_with_sum_k
2025-11-17 13:07:13,079 - exec_metrics_calculator - INFO - Processing cluster: prime_factors
2025-11-17 13:07:13,093 - exec_metrics_calculator - INFO - Processing cluster: a0139wordbreak
2025-11-17 13:07:13,097 - exec_metrics_calculator - INFO - Processing cluster: a0131palindromepartitioning
2025-11-17 13:07:13,100 - exec_metrics_calculator - INFO - Processing cluster: luhn
2025-11-17 13:07:13,115 - exec_metrics_calculator - INFO - Processing cluster: merge_sorted_array
2025-11-17 13:07:13,118 - exec_metrics_calculator - INFO - Processing cluster: two_bucket
2025-11-17 13:07:13,126 - exec_metrics_calculator - INFO - Processing cluster: maximum_depth_of_binary_tree
2025-11-17 13:07:13,129 - exec_metrics_calculator - INFO - Processing cluster: say
2025-11-17 13:07:13,137 - exec_metrics_calculator - INFO - Processing cluster: word_count
2025-11-17 13:07:13,147 - exec_metrics_calculator - INFO - Processing cluster: a0211addandsearchworddatastructuredesign
2025-11-17 13:07:13,151 - exec_metrics_calculator - INFO - Processing cluster: octal
2025-11-17 13:07:13,157 - exec_metrics_calculator - INFO - Processing cluster: a0199binarytreerightsideview
2025-11-17 13:07:13,160 - exec_metrics_calculator - INFO - Processing cluster: 09_leap
2025-11-17 13:07:13,162 - exec_metrics_calculator - INFO - Processing cluster: scramblies
2025-11-17 13:07:13,166 - exec_metrics_calculator - INFO - Processing cluster: perfect_numbers
2025-11-17 13:07:13,173 - exec_metrics_calculator - INFO - Processing cluster: hashtag_generator
2025-11-17 13:07:13,177 - exec_metrics_calculator - INFO - Processing cluster: two_sum
2025-11-17 13:07:13,182 - exec_metrics_calculator - INFO - Processing cluster: squeaky_clean
2025-11-17 13:07:13,186 - exec_metrics_calculator - INFO - Processing cluster: armstrong_numbers
2025-11-17 13:07:13,188 - exec_metrics_calculator - INFO - Processing cluster: set_matrix_zeroes
2025-11-17 13:07:13,192 - exec_metrics_calculator - INFO - Processing cluster: state_of_tic_tac_toe
2025-11-17 13:07:13,196 - exec_metrics_calculator - INFO - Processing cluster: simple_cipher
2025-11-17 13:07:13,206 - exec_metrics_calculator - INFO - Processing cluster: clock
2025-11-17 13:07:13,217 - exec_metrics_calculator - INFO - Processing cluster: acronym
2025-11-17 13:07:13,233 - exec_metrics_calculator - INFO - Processing cluster: a0129sumroottoleafnumbers
2025-11-17 13:07:13,237 - exec_metrics_calculator - INFO - Processing cluster: luhn_validator
2025-11-17 13:07:13,242 - exec_metrics_calculator - INFO - Processing cluster: run_length_encoding
2025-11-17 13:07:13,256 - exec_metrics_calculator - INFO - Processing cluster: dn_dcharacter
2025-11-17 13:07:13,260 - exec_metrics_calculator - INFO - Processing cluster: a0109convertsortedlisttobinarysearchtree
2025-11-17 13:07:13,264 - exec_metrics_calculator - INFO - Processing cluster: postfix_evaluate
2025-11-17 13:07:13,267 - exec_metrics_calculator - INFO - Processing cluster: zebra_puzzle
2025-11-17 13:07:13,271 - exec_metrics_calculator - INFO - Processing cluster: atbash_cipher
2025-11-17 13:07:13,287 - exec_metrics_calculator - INFO - Processing cluster: gigasecond
2025-11-17 13:07:13,321 - exec_metrics_calculator - INFO - Processing cluster: a0096uniquebinarysearchtrees
2025-11-17 13:07:13,325 - exec_metrics_calculator - INFO - Processing cluster: summary_ranges
2025-11-17 13:07:13,328 - exec_metrics_calculator - INFO - Processing cluster: killer_sudoku_helper
2025-11-17 13:07:13,331 - exec_metrics_calculator - INFO - Processing cluster: scrabble_score
2025-11-17 13:07:13,339 - exec_metrics_calculator - INFO - Processing cluster: contains_duplicate
2025-11-17 13:07:13,343 - exec_metrics_calculator - INFO - Processing cluster: check_if_point_inside_polygon
2025-11-17 13:07:13,348 - exec_metrics_calculator - INFO - Processing cluster: a0151reversewordsinastring
2025-11-17 13:07:13,352 - exec_metrics_calculator - INFO - Processing cluster: reverse_string
2025-11-17 13:07:13,370 - exec_metrics_calculator - INFO - Processing cluster: lasagna
2025-11-17 13:07:13,376 - exec_metrics_calculator - INFO - Processing cluster: odd_sum
2025-11-17 13:07:13,379 - exec_metrics_calculator - INFO - Processing cluster: majority_element
2025-11-17 13:07:13,382 - exec_metrics_calculator - INFO - Processing cluster: a0165compareversionnumbers
2025-11-17 13:07:13,385 - exec_metrics_calculator - INFO - Processing cluster: reverse_array
2025-11-17 13:07:13,388 - exec_metrics_calculator - INFO - Processing cluster: twofer
2025-11-17 13:07:13,394 - exec_metrics_calculator - INFO - Processing cluster: card_tricks
2025-11-17 13:07:13,400 - exec_metrics_calculator - INFO - Processing cluster: 13_troll_the_trolls
2025-11-17 13:07:13,402 - exec_metrics_calculator - INFO - Processing cluster: longest_palindromic_substring
2025-11-17 13:07:13,405 - exec_metrics_calculator - INFO - Processing cluster: a0063uniquepathsii
2025-11-17 13:07:13,409 - exec_metrics_calculator - INFO - Processing cluster: bottle_song
2025-11-17 13:07:13,414 - exec_metrics_calculator - INFO - Processing cluster: 11_interest_is_interesting
2025-11-17 13:07:13,416 - exec_metrics_calculator - INFO - Processing cluster: proverb
2025-11-17 13:07:13,425 - exec_metrics_calculator - INFO - Processing cluster: a0056mergeintervals
2025-11-17 13:07:13,430 - exec_metrics_calculator - INFO - Processing cluster: longest_repeating_character_replacement
2025-11-17 13:07:13,433 - exec_metrics_calculator - INFO - Processing cluster: encode_and_decode_strings
2025-11-17 13:07:13,437 - exec_metrics_calculator - INFO - Processing cluster: tournament
2025-11-17 13:07:13,443 - exec_metrics_calculator - INFO - Processing cluster: elons_toys
2025-11-17 13:07:13,449 - exec_metrics_calculator - INFO - Processing cluster: gross_store
2025-11-17 13:07:13,455 - exec_metrics_calculator - INFO - Processing cluster: 06_freelancer_rates
2025-11-17 13:07:13,457 - exec_metrics_calculator - INFO - Processing cluster: lucky_numbers
2025-11-17 13:07:13,461 - exec_metrics_calculator - INFO - Processing cluster: book_store
2025-11-17 13:07:13,465 - exec_metrics_calculator - INFO - Processing cluster: dominoes
2025-11-17 13:07:13,471 - exec_metrics_calculator - INFO - Processing cluster: spiral_traversal
2025-11-17 13:07:13,474 - exec_metrics_calculator - INFO - Processing cluster: a0090subsetsii
2025-11-17 13:07:13,478 - exec_metrics_calculator - INFO - Processing cluster: split_coins
2025-11-17 13:07:13,482 - exec_metrics_calculator - INFO - Processing cluster: eliuds_eggs
2025-11-17 13:07:13,487 - exec_metrics_calculator - INFO - Processing cluster: two_sum_ii_input_array_is_sorted
2025-11-17 13:07:13,491 - exec_metrics_calculator - INFO - Processing cluster: rna_transcription
2025-11-17 13:07:13,506 - exec_metrics_calculator - INFO - Processing cluster: list_ops
2025-11-17 13:07:13,514 - exec_metrics_calculator - INFO - Processing cluster: weather_forecast
2025-11-17 13:07:13,518 - exec_metrics_calculator - INFO - Processing cluster: reverse_integer
2025-11-17 13:07:13,522 - exec_metrics_calculator - INFO - Processing cluster: grade_school
2025-11-17 13:07:13,535 - exec_metrics_calculator - INFO - Processing cluster: a0094binarytreeinordertraversal
2025-11-17 13:07:13,539 - exec_metrics_calculator - INFO - Processing cluster: a0208implementtrieprefixtree
2025-11-17 13:07:13,543 - exec_metrics_calculator - INFO - Processing cluster: high_score_board
2025-11-17 13:07:13,547 - exec_metrics_calculator - INFO - Processing cluster: flatten_array
2025-11-17 13:07:13,555 - exec_metrics_calculator - INFO - Processing cluster: minimum_window_substring
2025-11-17 13:07:13,559 - exec_metrics_calculator - INFO - Processing cluster: complex_numbers
2025-11-17 13:07:13,567 - exec_metrics_calculator - INFO - Processing cluster: a0086partitionlist
2025-11-17 13:07:13,571 - exec_metrics_calculator - INFO - Processing cluster: a0061rotatelist
2025-11-17 13:07:13,575 - exec_metrics_calculator - INFO - Processing cluster: tree_building
2025-11-17 13:07:13,580 - exec_metrics_calculator - INFO - Processing cluster: hamming
2025-11-17 13:07:13,593 - exec_metrics_calculator - INFO - Processing cluster: a0144binarytreepreordertraversal
2025-11-17 13:07:13,597 - exec_metrics_calculator - INFO - Processing cluster: difference_of_squares
2025-11-17 13:07:13,612 - exec_metrics_calculator - INFO - Processing cluster: rational_numbers
2025-11-17 13:07:13,620 - exec_metrics_calculator - INFO - Processing cluster: dnd_character
2025-11-17 13:07:13,630 - exec_metrics_calculator - INFO - Processing cluster: power
2025-11-17 13:07:13,634 - exec_metrics_calculator - INFO - Processing cluster: house
2025-11-17 13:07:13,643 - exec_metrics_calculator - INFO - Processing cluster: need_for_speed
2025-11-17 13:07:13,650 - exec_metrics_calculator - INFO - Processing cluster: rotational_cipher
2025-11-17 13:07:13,661 - exec_metrics_calculator - INFO - Processing cluster: power_of_troy
2025-11-17 13:07:13,664 - exec_metrics_calculator - INFO - Processing cluster: vehicle_purchase
2025-11-17 13:07:13,671 - exec_metrics_calculator - INFO - Processing cluster: collatz_conjecture
2025-11-17 13:07:13,680 - exec_metrics_calculator - INFO - Processing cluster: queen_attack
2025-11-17 13:07:13,690 - exec_metrics_calculator - INFO - Processing cluster: connect
2025-11-17 13:07:13,697 - exec_metrics_calculator - INFO - Processing cluster: bank_account_action_invalid_exception
2025-11-17 13:07:13,702 - exec_metrics_calculator - INFO - Processing cluster: candy
2025-11-17 13:07:13,706 - exec_metrics_calculator - INFO - Processing cluster: grains
2025-11-17 13:07:13,717 - exec_metrics_calculator - INFO - Processing cluster: secrets
2025-11-17 13:07:13,722 - exec_metrics_calculator - INFO - Processing cluster: chaitanas_colossal_coaster
2025-11-17 13:07:13,726 - exec_metrics_calculator - INFO - Processing cluster: two_fer
2025-11-17 13:07:13,742 - exec_metrics_calculator - INFO - Processing cluster: bracket_push
2025-11-17 13:07:13,750 - exec_metrics_calculator - INFO - Processing cluster: square_root
2025-11-17 13:07:13,754 - exec_metrics_calculator - INFO - Processing cluster: protein_translator
2025-11-17 13:07:13,759 - exec_metrics_calculator - INFO - Processing cluster: anagram
2025-11-17 13:07:13,776 - exec_metrics_calculator - INFO - Processing cluster: rectangles
2025-11-17 13:07:13,786 - exec_metrics_calculator - INFO - Processing cluster: find_el_smaller_left_bigger_right
2025-11-17 13:07:13,791 - exec_metrics_calculator - INFO - Processing cluster: 10_darts
2025-11-17 13:07:13,792 - exec_metrics_calculator - INFO - Processing cluster: a0152maximumproductsubarray
2025-11-17 13:07:13,796 - exec_metrics_calculator - INFO - Processing cluster: pangram_checker
2025-11-17 13:07:13,801 - exec_metrics_calculator - INFO - Processing cluster: binary_tree_right_side_view
2025-11-17 13:07:13,805 - exec_metrics_calculator - INFO - Processing cluster: pangram
2025-11-17 13:07:13,821 - exec_metrics_calculator - INFO - Processing cluster: salary_calculator
2025-11-17 13:07:13,826 - exec_metrics_calculator - INFO - Processing cluster: calculate_area_of_polygon
2025-11-17 13:07:13,829 - exec_metrics_calculator - INFO - Processing cluster: rail_fence_cipher
2025-11-17 13:07:13,834 - exec_metrics_calculator - INFO - Processing cluster: sort_rgb_array
2025-11-17 13:07:13,838 - exec_metrics_calculator - INFO - Processing cluster: a0073setmatrixzeros
2025-11-17 13:07:13,841 - exec_metrics_calculator - INFO - Processing cluster: product_of_array_except_self
2025-11-17 13:07:13,845 - exec_metrics_calculator - INFO - Processing cluster: a0093restore_ip_addresses
2025-11-17 13:07:13,849 - exec_metrics_calculator - INFO - Processing cluster: find_missing_number_in_second_array
2025-11-17 13:07:13,854 - exec_metrics_calculator - INFO - Processing cluster: scale_generator
2025-11-17 13:07:13,859 - exec_metrics_calculator - INFO - Processing cluster: markdown
2025-11-17 13:07:13,865 - exec_metrics_calculator - INFO - Processing cluster: crypto_square
2025-11-17 13:07:13,875 - exec_metrics_calculator - INFO - Processing cluster: bowling
2025-11-17 13:07:13,880 - exec_metrics_calculator - INFO - Processing cluster: a0216combination_sumiii
2025-11-17 13:07:13,885 - exec_metrics_calculator - INFO - Processing cluster: a0143reorderlist
2025-11-17 13:07:13,889 - exec_metrics_calculator - INFO - Processing cluster: flower_field
2025-11-17 13:07:13,891 - exec_metrics_calculator - INFO - Processing cluster: all_your_base
2025-11-17 13:07:13,898 - exec_metrics_calculator - INFO - Processing cluster: simple_linked_list
2025-11-17 13:07:13,904 - exec_metrics_calculator - INFO - Processing cluster: container_with_most_water
2025-11-17 13:07:13,908 - exec_metrics_calculator - INFO - Processing cluster: nth_prime
2025-11-17 13:07:13,914 - exec_metrics_calculator - INFO - Processing cluster: minimum_size_subarray_sum
2025-11-17 13:07:13,917 - exec_metrics_calculator - INFO - Processing cluster: ransom_note
2025-11-17 13:07:13,921 - exec_metrics_calculator - INFO - Processing cluster: poker
2025-11-17 13:07:13,926 - exec_metrics_calculator - INFO - Processing cluster: strain
2025-11-17 13:07:13,936 - exec_metrics_calculator - INFO - Processing cluster: annalyns_infiltration
2025-11-17 13:07:13,943 - exec_metrics_calculator - INFO - Processing cluster: pascals_triangle
2025-11-17 13:07:13,957 - exec_metrics_calculator - INFO - Processing cluster: variable_length_quantity
2025-11-17 13:07:13,963 - exec_metrics_calculator - INFO - Processing cluster: isogram
2025-11-17 13:07:13,978 - exec_metrics_calculator - INFO - Processing cluster: beer_song
2025-11-17 13:07:13,991 - exec_metrics_calculator - INFO - Processing cluster: meetup
2025-11-17 13:07:14,000 - exec_metrics_calculator - INFO - Processing cluster: count_ip_addresses
2025-11-17 13:07:14,005 - exec_metrics_calculator - INFO - Processing cluster: custom_set
2025-11-17 13:07:14,013 - exec_metrics_calculator - INFO - Processing cluster: diamond_printer
2025-11-17 13:07:14,017 - exec_metrics_calculator - INFO - Processing cluster: a0200numberofislands
2025-11-17 13:07:14,020 - exec_metrics_calculator - INFO - Processing cluster: freelancer_rates
2025-11-17 13:07:14,024 - exec_metrics_calculator - INFO - Processing cluster: climbing_staircase
2025-11-17 13:07:14,028 - exec_metrics_calculator - INFO - Processing cluster: a0113pathsumii
2025-11-17 13:07:14,032 - exec_metrics_calculator - INFO - Processing cluster: a0064minimumpathsum
2025-11-17 13:07:14,035 - exec_metrics_calculator - INFO - Processing cluster: nth_fibonacci_number
2025-11-17 13:07:14,038 - exec_metrics_calculator - INFO - Processing cluster: a0098validatebinarysearchtree
2025-11-17 13:07:14,041 - exec_metrics_calculator - INFO - Processing cluster: forth
2025-11-17 13:07:14,045 - exec_metrics_calculator - INFO - Processing cluster: gotta_snatch_em_all
2025-11-17 13:07:14,050 - exec_metrics_calculator - INFO - Processing cluster: a0095uniquebinarysearchtreesii
2025-11-17 13:07:14,055 - exec_metrics_calculator - INFO - Processing cluster: a0162findpeakelement
2025-11-17 13:07:14,058 - exec_metrics_calculator - INFO - Processing cluster: evaluate_reverse_polish_notation
2025-11-17 13:07:14,061 - exec_metrics_calculator - INFO - Processing cluster: a0146lrucache
2025-11-17 13:07:14,065 - exec_metrics_calculator - INFO - Processing cluster: pig_latin
2025-11-17 13:07:14,073 - exec_metrics_calculator - INFO - Processing cluster: allergies
2025-11-17 13:07:14,083 - exec_metrics_calculator - INFO - Processing cluster: queen
2025-11-17 13:07:14,087 - exec_metrics_calculator - INFO - Processing cluster: interest_is_interesting
2025-11-17 13:07:14,092 - exec_metrics_calculator - INFO - Processing cluster: guidos_gorgeous_lasagna
2025-11-17 13:07:14,096 - exec_metrics_calculator - INFO - Processing cluster: captains_log
2025-11-17 13:07:14,101 - exec_metrics_calculator - INFO - Processing cluster: coordinate_transformation
2025-11-17 13:07:14,105 - exec_metrics_calculator - INFO - Processing cluster: grep
2025-11-17 13:07:14,109 - exec_metrics_calculator - INFO - Processing cluster: prime_calculator
2025-11-17 13:07:14,113 - exec_metrics_calculator - INFO - Processing cluster: accumulate
2025-11-17 13:07:14,121 - exec_metrics_calculator - INFO - Processing cluster: spiral_matrix
2025-11-17 13:07:14,130 - exec_metrics_calculator - INFO - Processing cluster: blackjack
2025-11-17 13:07:14,136 - exec_metrics_calculator - INFO - Processing cluster: sieve
2025-11-17 13:07:14,144 - exec_metrics_calculator - INFO - Processing cluster: meetup_schedule
2025-11-17 13:07:14,148 - exec_metrics_calculator - INFO - Processing cluster: mixed_juices
2025-11-17 13:07:14,152 - exec_metrics_calculator - INFO - Processing cluster: a0142linkedlistcycleii
2025-11-17 13:07:14,155 - exec_metrics_calculator - INFO - Processing cluster: welcome_to_tech_palace
2025-11-17 13:07:14,160 - exec_metrics_calculator - INFO - Processing cluster: minimum_absolute_difference_in_bst
2025-11-17 13:07:14,162 - exec_metrics_calculator - INFO - Processing cluster: letter_combinations
2025-11-17 13:07:14,165 - exec_metrics_calculator - INFO - Processing cluster: min_swaps
2025-11-17 13:07:14,168 - exec_metrics_calculator - INFO - Processing cluster: space_age
2025-11-17 13:07:14,182 - exec_metrics_calculator - INFO - Processing cluster: a0000blank
2025-11-17 13:07:14,187 - exec_metrics_calculator - INFO - Processing cluster: paasio
2025-11-17 13:07:14,193 - exec_metrics_calculator - INFO - Processing cluster: little_sisters_vocab
2025-11-17 13:07:14,197 - exec_metrics_calculator - INFO - Processing cluster: kindergarten_garden
2025-11-17 13:07:14,205 - exec_metrics_calculator - INFO - Processing cluster: a0130surroundedregions
2025-11-17 13:07:14,209 - exec_metrics_calculator - INFO - Processing cluster: largest_series_product
2025-11-17 13:07:14,215 - exec_metrics_calculator - INFO - Processing cluster: mean_square_error
2025-11-17 13:07:14,219 - exec_metrics_calculator - INFO - Processing cluster: react
2025-11-17 13:07:14,226 - exec_metrics_calculator - INFO - Processing cluster: leap
2025-11-17 13:07:14,245 - exec_metrics_calculator - INFO - Processing cluster: find_element_range_sorted_array
2025-11-17 13:07:14,248 - exec_metrics_calculator - INFO - Processing cluster: perfect_rectangle
2025-11-17 13:07:14,251 - exec_metrics_calculator - INFO - Processing cluster: minesweeper
2025-11-17 13:07:14,264 - exec_metrics_calculator - INFO - Processing cluster: a0210coursescheduleii
2025-11-17 13:07:14,267 - exec_metrics_calculator - INFO - Processing cluster: log_levels_alt
2025-11-17 13:07:14,270 - exec_metrics_calculator - INFO - Processing cluster: hello_world
2025-11-17 13:07:14,290 - exec_metrics_calculator - INFO - Processing cluster: phone_number
2025-11-17 13:07:14,301 - exec_metrics_calculator - INFO - Processing cluster: wordy
2025-11-17 13:07:14,307 - exec_metrics_calculator - INFO - Processing cluster: a0179largestnumber
2025-11-17 13:07:14,312 - exec_metrics_calculator - INFO - Processing cluster: linked_list
2025-11-17 13:07:14,326 - exec_metrics_calculator - INFO - Processing cluster: snakes_and_ladders
2025-11-17 13:07:14,329 - exec_metrics_calculator - INFO - Processing cluster: secret_handshake
2025-11-17 13:07:14,341 - exec_metrics_calculator - INFO - Processing cluster: a0120triangle
2025-11-17 13:07:14,344 - exec_metrics_calculator - INFO - Processing cluster: a0138copylistwithrandompointer
2025-11-17 13:07:14,347 - exec_metrics_calculator - INFO - Processing cluster: resistor_color_duo
2025-11-17 13:07:14,359 - exec_metrics_calculator - INFO - Processing cluster: diffie_hellman
2025-11-17 13:07:14,364 - exec_metrics_calculator - INFO - Processing cluster: shuffle_array
2025-11-17 13:07:14,368 - exec_metrics_calculator - INFO - Processing cluster: elons_toy_car
2025-11-17 13:07:14,372 - exec_metrics_calculator - INFO - Processing cluster: darts
2025-11-17 13:07:14,395 - exec_metrics_calculator - INFO - Processing cluster: 05_log_levels
2025-11-17 13:07:14,397 - exec_metrics_calculator - INFO - Processing cluster: a0089graycode
2025-11-17 13:07:14,401 - exec_metrics_calculator - INFO - Processing cluster: chessboard
2025-11-17 13:07:14,406 - exec_metrics_calculator - INFO - Processing cluster: last_will
2025-11-17 13:07:14,408 - exec_metrics_calculator - INFO - Processing cluster: parallel_letter_frequency
2025-11-17 13:07:14,414 - exec_metrics_calculator - INFO - Processing cluster: a0071simplitypath
2025-11-17 13:07:14,417 - exec_metrics_calculator - INFO - Processing cluster: a0134gasstation
2025-11-17 13:07:14,419 - exec_metrics_calculator - INFO - Processing cluster: amusement_park
2025-11-17 13:07:14,424 - exec_metrics_calculator - INFO - Processing cluster: ghost_gobble_arcade_game
2025-11-17 13:07:14,428 - exec_metrics_calculator - INFO - Processing cluster: a0207courseschedule
2025-11-17 13:07:14,431 - exec_metrics_calculator - INFO - Processing cluster: a0075sortcolors
2025-11-17 13:07:14,434 - exec_metrics_calculator - INFO - Processing cluster: error_handling
2025-11-17 13:07:14,437 - exec_metrics_calculator - INFO - Processing cluster: longest_increasing_subarray
2025-11-17 13:07:14,440 - exec_metrics_calculator - INFO - Processing cluster: a0001twosum
2025-11-17 13:07:14,443 - exec_metrics_calculator - INFO - Processing cluster: a0060permutationsequence
2025-11-17 13:07:14,445 - exec_metrics_calculator - INFO - Processing cluster: pacman_rules
2025-11-17 13:07:14,448 - exec_metrics_calculator - INFO - Processing cluster: a0078subsets
2025-11-17 13:07:14,451 - exec_metrics_calculator - INFO - Processing cluster: savings_account
2025-11-17 13:07:14,455 - exec_metrics_calculator - INFO - Processing cluster: 04_last_will
2025-11-17 13:07:14,457 - exec_metrics_calculator - INFO - Processing cluster: random_sample
2025-11-17 13:07:14,461 - exec_metrics_calculator - INFO - Processing cluster: a0091decodeways
2025-11-17 13:07:14,463 - exec_metrics_calculator - INFO - Processing cluster: little_sisters_essay
2025-11-17 13:07:14,466 - exec_metrics_calculator - INFO - Processing cluster: generate_parentheses
2025-11-17 13:07:14,470 - exec_metrics_calculator - INFO - Processing cluster: party_robot
2025-11-17 13:07:14,475 - exec_metrics_calculator - INFO - Processing cluster: min_cost_coloring
2025-11-17 13:07:14,478 - exec_metrics_calculator - INFO - Processing cluster: valid_sudoku
2025-11-17 13:07:14,481 - exec_metrics_calculator - INFO - Processing cluster: merge_intervals
2025-11-17 13:07:14,483 - exec_metrics_calculator - INFO - Processing cluster: ledger
2025-11-17 13:07:14,488 - exec_metrics_calculator - INFO - Processing cluster: number_of_islands
2025-11-17 13:07:14,491 - exec_metrics_calculator - INFO - Processing cluster: isbn_verifier
2025-11-17 13:07:14,502 - exec_metrics_calculator - INFO - Processing cluster: election_day
2025-11-17 13:07:14,507 - exec_metrics_calculator - INFO - Processing cluster: basic_calculator
2025-11-17 13:07:14,512 - exec_metrics_calculator - INFO - Processing cluster: word_search
2025-11-17 13:07:14,520 - exec_metrics_calculator - INFO - Processing cluster: triangle
2025-11-17 13:07:14,531 - exec_metrics_calculator - INFO - Processing cluster: matching_brackets
2025-11-17 13:07:14,538 - exec_metrics_calculator - INFO - Processing cluster: raindrops
2025-11-17 13:07:14,553 - exec_metrics_calculator - INFO - Processing cluster: diamond
2025-11-17 13:07:14,562 - exec_metrics_calculator - INFO - Processing cluster: find_busiest_interval
2025-11-17 13:07:14,566 - exec_metrics_calculator - INFO - Processing cluster: roman_numerals
2025-11-17 13:07:14,576 - exec_metrics_calculator - INFO - Processing cluster: twelve_days
2025-11-17 13:07:14,584 - exec_metrics_calculator - INFO - Processing cluster: title_case
2025-11-17 13:07:14,584 - exec_metrics_calculator - WARNING - Base results file not found: title_case_results_1.json
2025-11-17 13:07:14,584 - exec_metrics_calculator - WARNING - Base results file not found: title_case_results_2.json
2025-11-17 13:07:14,584 - exec_metrics_calculator - WARNING - Base results file not found: title_case_results_3.json
2025-11-17 13:07:14,584 - exec_metrics_calculator - WARNING - Base results file not found: title_case_results_4.json
2025-11-17 13:07:14,584 - exec_metrics_calculator - WARNING - Base results file not found: title_case_results_5.json
2025-11-17 13:07:14,585 - exec_metrics_calculator - INFO - Processing cluster: a0059spiralmatrixii
2025-11-17 13:07:14,588 - exec_metrics_calculator - INFO - Processing cluster: find_first_missing_positive
2025-11-17 13:07:14,590 - exec_metrics_calculator - INFO - Processing cluster: pov
2025-11-17 13:07:14,594 - exec_metrics_calculator - INFO - Processing cluster: change
2025-11-17 13:07:14,600 - exec_metrics_calculator - INFO - Processing cluster: valid_palindrome
2025-11-17 13:07:14,604 - exec_metrics_calculator - INFO - Processing cluster: protein_translation
2025-11-17 13:07:14,616 - exec_metrics_calculator - INFO - Processing cluster: sum_non_adjecent
2025-11-17 13:07:14,619 - exec_metrics_calculator - INFO - Processing cluster: parsing_log_files
2025-11-17 13:07:14,623 - exec_metrics_calculator - INFO - Processing cluster: binary
2025-11-17 13:07:14,632 - exec_metrics_calculator - INFO - Processing cluster: high_scores
2025-11-17 13:07:14,638 - exec_metrics_calculator - INFO - Processing cluster: find_el_where_k_greater_or_equal
2025-11-17 13:07:14,641 - exec_metrics_calculator - INFO - Processing cluster: a0215kthlargestelementinanarray
2025-11-17 13:07:14,644 - exec_metrics_calculator - INFO - Processing cluster: circular_buffer
2025-11-17 13:07:14,656 - exec_metrics_calculator - INFO - Processing cluster: 02_lasagna
2025-11-17 13:07:14,659 - exec_metrics_calculator - INFO - Processing cluster: a0150evaluatereversepolishnotation
2025-11-17 13:07:14,662 - exec_metrics_calculator - INFO - Processing cluster: trinary
2025-11-17 13:07:14,667 - exec_metrics_calculator - INFO - Processing cluster: queens_problem
2025-11-17 13:07:14,670 - exec_metrics_calculator - INFO - Processing cluster: valid_parentheses
2025-11-17 13:07:14,674 - exec_metrics_calculator - INFO - Processing cluster: robot_name
2025-11-17 13:07:14,680 - exec_metrics_calculator - INFO - Processing cluster: lasagna_master
2025-11-17 13:07:14,686 - exec_metrics_calculator - INFO - Processing cluster: count_positives
2025-11-17 13:07:14,689 - exec_metrics_calculator - INFO - Processing cluster: hexadecimal
2025-11-17 13:07:14,697 - exec_metrics_calculator - INFO - Processing cluster: a0201bitwiseandofnumbersrange
2025-11-17 13:07:14,699 - exec_metrics_calculator - INFO - Processing cluster: flatten_deep_list
2025-11-17 13:07:14,703 - exec_metrics_calculator - INFO - Processing cluster: best_time_to_buy_and_sell_stock
2025-11-17 13:07:14,706 - exec_metrics_calculator - INFO - Processing cluster: series
2025-11-17 13:07:14,711 - exec_metrics_calculator - INFO - Processing cluster: word_break
2025-11-17 13:07:14,715 - exec_metrics_calculator - INFO - Processing cluster: difference_of_squares_calculator
2025-11-17 13:07:14,718 - exec_metrics_calculator - INFO - Processing cluster: 12_ellens_alien_game
2025-11-17 13:07:14,720 - exec_metrics_calculator - INFO - Processing cluster: rotate_array
2025-11-17 13:07:14,724 - exec_metrics_calculator - INFO - Processing cluster: the_farm
2025-11-17 13:07:14,731 - exec_metrics_calculator - INFO - Processing cluster: fancy_sequence
2025-11-17 13:07:14,733 - exec_metrics_calculator - INFO - Processing cluster: a0105constructbinarytreefrompreorderandinordertraversal
2025-11-17 13:07:14,735 - exec_metrics_calculator - INFO - Processing cluster: find_one_missing_number
2025-11-17 13:07:14,739 - exec_metrics_calculator - INFO - Processing cluster: river_sizes
2025-11-17 13:07:14,744 - exec_metrics_calculator - INFO - Processing cluster: jump_game
2025-11-17 13:07:14,746 - exec_metrics_calculator - INFO - Processing cluster: a0187repeateddnasequences
2025-11-17 13:07:14,749 - exec_metrics_calculator - INFO - Processing cluster: a0114flattenbinarytreetolinkedlist
2025-11-17 13:07:14,754 - exec_metrics_calculator - INFO - Processing cluster: doctor_data
2025-11-17 13:07:14,755 - exec_metrics_calculator - INFO - Processing cluster: cars_assemble
2025-11-17 13:07:14,761 - exec_metrics_calculator - INFO - Processing cluster: reverse_ascending_sublists
2025-11-17 13:07:14,764 - exec_metrics_calculator - INFO - Processing cluster: animal_magic
2025-11-17 13:07:14,769 - exec_metrics_calculator - INFO - Processing cluster: zipper
2025-11-17 13:07:14,769 - exec_metrics_calculator - WARNING - Base results file not found: zipper_results_1.json
2025-11-17 13:07:14,769 - exec_metrics_calculator - WARNING - Base results file not found: zipper_results_2.json
2025-11-17 13:07:14,769 - exec_metrics_calculator - WARNING - Base results file not found: zipper_results_3.json
2025-11-17 13:07:14,769 - exec_metrics_calculator - WARNING - Base results file not found: zipper_results_4.json
2025-11-17 13:07:14,769 - exec_metrics_calculator - WARNING - Base results file not found: zipper_results_5.json
2025-11-17 13:07:14,769 - exec_metrics_calculator - INFO - Processing cluster: longest_common_prefix
2025-11-17 13:07:14,772 - exec_metrics_calculator - INFO - Processing cluster: count_divisibles_in_range
2025-11-17 13:07:14,776 - exec_metrics_calculator - INFO - Processing cluster: a0102binarytreelevelordertraversal
2025-11-17 13:07:14,779 - exec_metrics_calculator - INFO - Processing cluster: sublist
2025-11-17 13:07:14,790 - exec_metrics_calculator - INFO - Processing cluster: reverse_vowels
2025-11-17 13:07:14,793 - exec_metrics_calculator - INFO - Processing cluster: bob
2025-11-17 13:07:14,815 - exec_metrics_calculator - INFO - Processing cluster: ozans_playlist
2025-11-17 13:07:14,820 - exec_metrics_calculator - INFO - Processing cluster: anagram_indices
2025-11-17 13:07:14,824 - exec_metrics_calculator - INFO - Processing cluster: knapsack
2025-11-17 13:07:14,828 - exec_metrics_calculator - INFO - Processing cluster: min_stack
2025-11-17 13:07:14,831 - exec_metrics_calculator - INFO - Processing cluster: 08_raindrops
2025-11-17 13:07:14,833 - exec_metrics_calculator - INFO - Processing cluster: logs_logs_logs
2025-11-17 13:07:14,837 - exec_metrics_calculator - INFO - Processing cluster: count_consecutive_sums
2025-11-17 13:07:14,840 - exec_metrics_calculator - INFO - Processing cluster: pig_latin_translator
2025-11-17 13:07:14,843 - exec_metrics_calculator - INFO - Processing cluster: a0209minimumsizesubarraysum
2025-11-17 13:07:14,846 - exec_metrics_calculator - INFO - Processing cluster: a0153findminimuminrotatedsortedarray
2025-11-17 13:07:14,850 - exec_metrics_calculator - INFO - Processing cluster: domain_name
2025-11-17 13:07:14,854 - exec_metrics_calculator - INFO - Processing cluster: ocr_numbers
2025-11-17 13:07:14,860 - exec_metrics_calculator - INFO - Processing cluster: jedliks_toy_car
2025-11-17 13:07:14,863 - exec_metrics_calculator - INFO - Processing cluster: linked_list_cycle
2025-11-17 13:07:14,865 - exec_metrics_calculator - INFO - Processing cluster: sum_of_multiples
2025-11-17 13:07:14,874 - exec_metrics_calculator - INFO - Processing cluster: spiral_matrix_builder
2025-11-17 13:07:14,878 - exec_metrics_calculator - INFO - Processing cluster: ellens_alien_game
2025-11-17 13:07:14,880 - exec_metrics_calculator - INFO - Processing cluster: permutation_in_string
2025-11-17 13:07:14,883 - exec_metrics_calculator - INFO - Processing cluster: currency_exchange
2025-11-17 13:07:14,886 - exec_metrics_calculator - INFO - Processing cluster: binary_search
2025-11-17 13:07:14,896 - exec_metrics_calculator - INFO - Processing cluster: longest_common_subsequence
2025-11-17 13:07:14,899 - exec_metrics_calculator - INFO - Processing cluster: meteorology
2025-11-17 13:07:14,902 - exec_metrics_calculator - INFO - Processing cluster: troll_the_trolls
2025-11-17 13:07:14,904 - exec_metrics_calculator - INFO - Processing cluster: a0148sortlist
2025-11-17 13:07:14,907 - exec_metrics_calculator - INFO - Processing cluster: bank_account
2025-11-17 13:07:14,916 - exec_metrics_calculator - INFO - Processing cluster: find_min_path
2025-11-17 13:07:14,919 - exec_metrics_calculator - INFO - Processing cluster: matrix
2025-11-17 13:07:14,933 - exec_metrics_calculator - INFO - Processing cluster: etl
2025-11-17 13:07:14,947 - exec_metrics_calculator - INFO - Processing cluster: a0127wordladder
2025-11-17 13:07:14,950 - exec_metrics_calculator - INFO - Processing cluster: a0166fractiontorecurringdecimal
2025-11-17 13:07:14,953 - exec_metrics_calculator - INFO - Processing cluster: sliding_window_maximum
2025-11-17 13:07:14,956 - exec_metrics_calculator - INFO - Processing cluster: palindrome_integer
2025-11-17 13:07:14,959 - exec_metrics_calculator - INFO - Processing cluster: food_chain
2025-11-17 13:07:14,971 - exec_metrics_calculator - INFO - Processing cluster: largest_series_product_calculator
2025-11-17 13:07:14,975 - exec_metrics_calculator - INFO - Processing cluster: a0116populatingnextrightpointersineachnode
2025-11-17 13:07:14,978 - exec_metrics_calculator - INFO - Processing cluster: find_two_missing_numbers
2025-11-17 13:07:14,983 - exec_metrics_calculator - INFO - Processing cluster: longest_consecutive_sequence
2025-11-17 13:07:14,985 - exec_metrics_calculator - INFO - Processing cluster: airport_robot
2025-11-17 13:07:14,989 - exec_metrics_calculator - INFO - Processing cluster: a0077combinations
2025-11-17 13:07:14,993 - exec_metrics_calculator - INFO - Processing cluster: 07_vehicle_purchase
2025-11-17 13:07:14,995 - exec_metrics_calculator - INFO - Processing cluster: bird_watcher
2025-11-17 13:07:15,002 - exec_metrics_calculator - INFO - Processing cluster: yacht
2025-11-17 13:07:15,007 - exec_metrics_calculator - INFO - Processing cluster: a0055jumpgame
2025-11-17 13:07:15,010 - exec_metrics_calculator - INFO - Processing cluster: saddle_points
2025-11-17 13:07:15,019 - exec_metrics_calculator - INFO - Processing cluster: longest_substring_without_repeating_characters
2025-11-17 13:07:15,021 - exec_metrics_calculator - INFO - Processing cluster: ordered_digits
2025-11-17 13:07:15,023 - exec_metrics_calculator - INFO - Processing cluster: minesweeper_board
2025-11-17 13:07:15,026 - exec_metrics_calculator - INFO - Processing cluster: palindrome_products
2025-11-17 13:07:15,034 - exec_metrics_calculator - INFO - Processing cluster: reverse_all_lists
2025-11-17 13:07:15,037 - exec_metrics_calculator - INFO - Processing cluster: a0079wordsearch
2025-11-17 13:07:15,039 - exec_metrics_calculator - INFO - Processing cluster: optical_character_reader
2025-11-17 13:07:15,042 - exec_metrics_calculator - INFO - Processing cluster: search_2d_matrix
2025-11-17 13:07:15,045 - exec_metrics_calculator - INFO - Processing cluster: 01_hello_world
2025-11-17 13:07:15,047 - exec_metrics_calculator - INFO - Processing cluster: a0147insertionsortlist
2025-11-17 13:07:15,050 - exec_metrics_calculator - INFO - Processing cluster: unique_paths
2025-11-17 13:07:15,053 - exec_metrics_calculator - INFO - Processing cluster: robot_simulator
2025-11-17 13:07:15,057 - exec_metrics_calculator - INFO - Processing cluster: resistor_color_trio
2025-11-17 13:07:15,065 - exec_metrics_calculator - INFO - Processing cluster: resistor_color
2025-11-17 13:07:15,075 - exec_metrics_calculator - INFO - Processing cluster: smallest_multiple
2025-11-17 13:07:15,077 - exec_metrics_calculator - INFO - Processing cluster: group_anagrams
2025-11-17 13:07:15,081 - exec_metrics_calculator - INFO - Processing cluster: a0082removeduplicatesfromsortedlistii
2025-11-17 13:07:15,083 - exec_metrics_calculator - INFO - Processing cluster: binary_search_tree
2025-11-17 13:07:15,093 - exec_metrics_calculator - INFO - Processing cluster: check_if_two_rectangles_overlap
2025-11-17 13:07:15,096 - exec_metrics_calculator - INFO - Processing cluster: making_the_grade
2025-11-17 13:07:15,100 - exec_metrics_calculator - INFO - Processing cluster: football_match_reports
2025-11-17 13:07:15,103 - exec_metrics_calculator - INFO - Processing cluster: a0213houserobberii
2025-11-17 13:07:15,105 - exec_metrics_calculator - INFO - Processing cluster: a0054spiralmatrix
2025-11-17 13:07:15,108 - exec_metrics_calculator - INFO - Processing cluster: a0103binarytreezigzaglevelordertraversal
2025-11-17 13:07:15,112 - exec_metrics_calculator - INFO - Processing cluster: transpose
2025-11-17 13:07:15,119 - exec_metrics_calculator - INFO - Processing cluster: expenses
2025-11-17 13:07:15,123 - exec_metrics_calculator - INFO - Processing cluster: a0062uniquepaths
2025-11-17 13:07:15,126 - exec_metrics_calculator - INFO - Processing cluster: a0092reverselinkedlistii
2025-11-17 13:07:15,129 - exec_metrics_calculator - INFO - Processing cluster: swap_first_and_last_word
2025-11-17 13:07:15,132 - exec_metrics_calculator - INFO - Processing cluster: find_unpaired
2025-11-17 13:07:15,135 - exec_metrics_calculator - INFO - Processing cluster: 03_pacman_rules
2025-11-17 13:07:15,138 - exec_metrics_calculator - INFO - Processing cluster: speedywagon
2025-11-17 13:07:15,139 - exec_metrics_calculator - INFO - Processing cluster: a0074search2dmatrix
2025-11-17 13:07:15,142 - exec_metrics_calculator - INFO - Processing cluster: power_set
2025-11-17 13:07:15,144 - exec_metrics_calculator - INFO - Processing cluster: a0080removeduplicatesfromsortedarrayii
2025-11-17 13:07:15,148 - exec_metrics_calculator - INFO - Processing cluster: sorting_room
2025-11-17 13:07:15,152 - exec_metrics_calculator - INFO - Processing cluster: census
2025-11-17 13:07:15,156 - exec_metrics_calculator - INFO - Processing cluster: resistor_color_enum
2025-11-17 13:07:15,159 - exec_metrics_calculator - INFO - Processing cluster: pythagorean_triplet
2025-11-17 13:07:15,168 - exec_metrics_calculator - INFO - Processing cluster: card_games
2025-11-17 13:07:15,171 - exec_metrics_calculator - INFO - Processing cluster: reverse_words_in_sentence
2025-11-17 13:07:15,175 - exec_metrics_calculator - INFO - Processing cluster: three_sum
2025-11-17 13:07:15,178 - exec_metrics_calculator - INFO - Processing cluster: alphametics
2025-11-17 13:07:15,185 - exec_metrics_calculator - INFO - Processing cluster: bowling_game_log
2025-11-17 13:07:15,189 - exec_metrics_calculator - INFO - Processing cluster: booking_up_for_beauty
2025-11-17 13:07:15,194 - exec_metrics_calculator - INFO - Processing cluster: nucleotide_count
2025-11-17 13:07:15,244 - exec_metrics_calculator - INFO - Saved objective_1 aggregated data to /Users/piccoletto/Desktop/Everything/pisa/tesi/Sustainable-Code-Refactoring-with-LLMs/src/metrics/execution_stats/objective_1_aggregated.json
2025-11-17 13:07:15,278 - exec_metrics_calculator - INFO - Saved objective_2 aggregated data to /Users/piccoletto/Desktop/Everything/pisa/tesi/Sustainable-Code-Refactoring-with-LLMs/src/metrics/execution_stats/objective_2_aggregated.json
2025-11-17 13:07:15,312 - exec_metrics_calculator - INFO - Saved objective_3 aggregated data to /Users/piccoletto/Desktop/Everything/pisa/tesi/Sustainable-Code-Refactoring-with-LLMs/src/metrics/execution_stats/objective_3_aggregated.json
2025-11-17 13:07:15,344 - exec_metrics_calculator - INFO - Saved objective_4 aggregated data to /Users/piccoletto/Desktop/Everything/pisa/tesi/Sustainable-Code-Refactoring-with-LLMs/src/metrics/execution_stats/objective_4_aggregated.json
2025-11-17 13:07:15,344 - exec_metrics_calculator - INFO - Cross-cluster aggregation completed
2025-11-17 13:07:15,345 - __main__ - INFO - Visualizator initialized. Output dir: /Users/piccoletto/Desktop/Everything/pisa/tesi/Sustainable-Code-Refactoring-with-LLMs/src/metrics/execution_stats_plots
2025-11-17 13:07:15,345 - __main__ - INFO - Generating visualizations...
2025-11-17 13:07:15,345 - execMetricStatsVisualizator - INFO - Starting visualization of all objectives
2025-11-17 13:07:15,345 - execMetricStatsVisualizator - INFO - Visualizing Objective 1: Metrics by Prompt Version
2025-11-17 13:07:15,625 - execMetricStatsVisualizator - INFO - Saved: prompt_versions_CPU_usage_boxplot.png
2025-11-17 13:07:15,950 - execMetricStatsVisualizator - INFO - Saved: prompt_versions_RAM_usage_boxplot.png
2025-11-17 13:07:16,247 - execMetricStatsVisualizator - INFO - Saved: prompt_versions_execution_time_ms_boxplot.png
2025-11-17 13:07:16,546 - execMetricStatsVisualizator - INFO - Saved: prompt_versions_pass_rate_boxplot.png
2025-11-17 13:07:16,854 - execMetricStatsVisualizator - INFO - Saved: prompt_versions_energy_joules_boxplot.png
2025-11-17 13:07:16,994 - execMetricStatsVisualizator - INFO - Visualizing Objective 2: Metrics by Language
2025-11-17 13:07:17,143 - execMetricStatsVisualizator - INFO - Saved: languages_base_CPU_usage_boxplot.png
2025-11-17 13:07:17,286 - execMetricStatsVisualizator - INFO - Saved: languages_base_RAM_usage_boxplot.png
2025-11-17 13:07:17,433 - execMetricStatsVisualizator - INFO - Saved: languages_base_execution_time_ms_boxplot.png
2025-11-17 13:07:17,571 - execMetricStatsVisualizator - INFO - Saved: languages_base_pass_rate_boxplot.png
2025-11-17 13:07:17,723 - execMetricStatsVisualizator - INFO - Saved: languages_base_energy_joules_boxplot.png
2025-11-17 13:07:17,915 - execMetricStatsVisualizator - INFO - Saved: languages_llm_CPU_usage_boxplot.png
2025-11-17 13:07:18,064 - execMetricStatsVisualizator - INFO - Saved: languages_llm_RAM_usage_boxplot.png
2025-11-17 13:07:18,223 - execMetricStatsVisualizator - INFO - Saved: languages_llm_execution_time_ms_boxplot.png
2025-11-17 13:07:18,359 - execMetricStatsVisualizator - INFO - Saved: languages_llm_pass_rate_boxplot.png
2025-11-17 13:07:18,515 - execMetricStatsVisualizator - INFO - Saved: languages_llm_energy_joules_boxplot.png
2025-11-17 13:07:18,797 - execMetricStatsVisualizator - INFO - Created distribution violin plot: languages_distribution_CPU_usage_violin.png
2025-11-17 13:07:19,056 - execMetricStatsVisualizator - INFO - Created distribution violin plot: languages_distribution_RAM_usage_violin.png
2025-11-17 13:07:19,319 - execMetricStatsVisualizator - INFO - Created distribution violin plot: languages_distribution_execution_time_ms_violin.png
2025-11-17 13:07:19,585 - execMetricStatsVisualizator - INFO - Created distribution violin plot: languages_distribution_pass_rate_violin.png
2025-11-17 13:07:19,850 - execMetricStatsVisualizator - INFO - Created distribution violin plot: languages_distribution_energy_joules_violin.png
2025-11-17 13:07:19,851 - execMetricStatsVisualizator - INFO - Visualizing Objective 3: Metrics by Model + Prompt Version
2025-11-17 13:07:20,180 - execMetricStatsVisualizator - INFO - Saved: model_prompt_version_CPU_usage_boxplot.png
2025-11-17 13:07:20,446 - execMetricStatsVisualizator - INFO - Saved: model_prompt_version_RAM_usage_boxplot.png
2025-11-17 13:07:20,744 - execMetricStatsVisualizator - INFO - Saved: model_prompt_version_execution_time_ms_boxplot.png
2025-11-17 13:07:20,980 - execMetricStatsVisualizator - INFO - Saved: model_prompt_version_pass_rate_boxplot.png
2025-11-17 13:07:21,263 - execMetricStatsVisualizator - INFO - Saved: model_prompt_version_energy_joules_boxplot.png
2025-11-17 13:07:21,507 - execMetricStatsVisualizator - INFO - Created mean comparison bar plot: mean_comparison_CPU_usage_barplot.png
2025-11-17 13:07:21,763 - execMetricStatsVisualizator - INFO - Created mean comparison bar plot: mean_comparison_RAM_usage_barplot.png
2025-11-17 13:07:22,007 - execMetricStatsVisualizator - INFO - Created mean comparison bar plot: mean_comparison_execution_time_ms_barplot.png
2025-11-17 13:07:22,245 - execMetricStatsVisualizator - INFO - Created mean comparison bar plot: mean_comparison_pass_rate_barplot.png
2025-11-17 13:07:22,467 - execMetricStatsVisualizator - INFO - Created mean comparison bar plot: mean_comparison_energy_joules_barplot.png
2025-11-17 13:07:22,467 - execMetricStatsVisualizator - INFO - Visualizing Objective 4: Metrics by Language + Model
2025-11-17 13:07:22,768 - execMetricStatsVisualizator - INFO - Saved: language_model_CPU_usage_boxplot.png
2025-11-17 13:07:23,036 - execMetricStatsVisualizator - INFO - Saved: language_model_RAM_usage_boxplot.png
2025-11-17 13:07:23,323 - execMetricStatsVisualizator - INFO - Saved: language_model_execution_time_ms_boxplot.png
2025-11-17 13:07:23,575 - execMetricStatsVisualizator - INFO - Saved: language_model_pass_rate_boxplot.png
2025-11-17 13:07:23,886 - execMetricStatsVisualizator - INFO - Saved: language_model_energy_joules_boxplot.png
2025-11-17 13:07:23,886 - execMetricStatsVisualizator - INFO - Creating Energy vs Pass Rate trade-off scatter plot
2025-11-17 13:07:23,907 - execMetricStatsVisualizator - INFO - Trend line added: slope=0.0042, R²=0.001
2025-11-17 13:07:24,084 - execMetricStatsVisualizator - INFO - Saved: energy_vs_pass_rate_tradeoff.png
2025-11-17 13:07:24,084 - execMetricStatsVisualizator - INFO - Completed visualization of all objectives
2025-11-17 13:07:24,084 - execMetricStatsVisualizator - INFO - Creating summary report
2025-11-17 13:07:24,084 - execMetricStatsVisualizator - INFO - Summary report saved to /Users/piccoletto/Desktop/Everything/pisa/tesi/Sustainable-Code-Refactoring-with-LLMs/src/metrics/execution_stats_plots/summary_report.md
2025-11-17 13:07:24,084 - __main__ - INFO - 
================================================================================
2025-11-17 13:07:24,084 - __main__ - INFO - Starting Pass Rate Analysis (Section 4.1)
2025-11-17 13:07:24,084 - __main__ - INFO - ================================================================================
2025-11-17 13:07:24,084 - __main__ - INFO - Pass rate analyzer initialized
2025-11-17 13:07:24,084 - __main__ - INFO - Analyzing pass rates across all clusters...
Starting pass rate analysis across all clusters...
CRITICAL FILTER: Only analyzing entries with 100% base code pass rate
Found 472 clusters
Processing cluster 1/472: 01_hello_world
Processing cluster 2/472: 02_lasagna
Processing cluster 3/472: 03_pacman_rules
Processing cluster 4/472: 04_last_will
Processing cluster 5/472: 05_log_levels
Processing cluster 6/472: 06_freelancer_rates
Processing cluster 7/472: 07_vehicle_purchase
Processing cluster 8/472: 08_raindrops
Processing cluster 9/472: 09_leap
Processing cluster 10/472: 10_darts
Processing cluster 11/472: 11_interest_is_interesting
Processing cluster 12/472: 12_ellens_alien_game
Processing cluster 13/472: 13_troll_the_trolls
Processing cluster 14/472: a0000blank
Processing cluster 15/472: a0000blank_full
Warning: Cluster file not found for a0000blank_full
Processing cluster 16/472: a0001twosum
Processing cluster 17/472: a0001twosum_full
Warning: Cluster file not found for a0001twosum_full
Processing cluster 18/472: a0054spiralmatrix
Processing cluster 19/472: a0054spiralmatrix_full
Warning: Cluster file not found for a0054spiralmatrix_full
Processing cluster 20/472: a0055jumpgame
Processing cluster 21/472: a0055jumpgame_full
Warning: Cluster file not found for a0055jumpgame_full
Processing cluster 22/472: a0056mergeintervals
Processing cluster 23/472: a0056mergeintervals_full
Warning: Cluster file not found for a0056mergeintervals_full
Processing cluster 24/472: a0059spiralmatrixii
Processing cluster 25/472: a0059spiralmatrixii_full
Warning: Cluster file not found for a0059spiralmatrixii_full
Processing cluster 26/472: a0060permutationsequence
Processing cluster 27/472: a0060permutationsequence_full
Warning: Cluster file not found for a0060permutationsequence_full
Processing cluster 28/472: a0061rotatelist
Processing cluster 29/472: a0061rotatelist_full
Warning: Cluster file not found for a0061rotatelist_full
Processing cluster 30/472: a0062uniquepaths
Processing cluster 31/472: a0062uniquepaths_full
Warning: Cluster file not found for a0062uniquepaths_full
Processing cluster 32/472: a0063uniquepathsii
Processing cluster 33/472: a0063uniquepathsii_full
Warning: Cluster file not found for a0063uniquepathsii_full
Processing cluster 34/472: a0064minimumpathsum
Processing cluster 35/472: a0064minimumpathsum_full
Warning: Cluster file not found for a0064minimumpathsum_full
Processing cluster 36/472: a0071simplitypath
Processing cluster 37/472: a0071simplitypath_full
Warning: Cluster file not found for a0071simplitypath_full
Processing cluster 38/472: a0073setmatrixzeros
Processing cluster 39/472: a0073setmatrixzeros_full
Warning: Cluster file not found for a0073setmatrixzeros_full
Processing cluster 40/472: a0074search2dmatrix
Processing cluster 41/472: a0074search2dmatrix_full
Warning: Cluster file not found for a0074search2dmatrix_full
Processing cluster 42/472: a0075sortcolors
Processing cluster 43/472: a0075sortcolors_full
Warning: Cluster file not found for a0075sortcolors_full
Processing cluster 44/472: a0077combinations
Processing cluster 45/472: a0077combinations_full
Warning: Cluster file not found for a0077combinations_full
Processing cluster 46/472: a0078subsets
Processing cluster 47/472: a0078subsets_full
Warning: Cluster file not found for a0078subsets_full
Processing cluster 48/472: a0079wordsearch
Processing cluster 49/472: a0079wordsearch_full
Warning: Cluster file not found for a0079wordsearch_full
Processing cluster 50/472: a0080removeduplicatesfromsortedarrayii
Processing cluster 51/472: a0080removeduplicatesfromsortedarrayii_full
Warning: Cluster file not found for a0080removeduplicatesfromsortedarrayii_full
Processing cluster 52/472: a0082removeduplicatesfromsortedlistii
Processing cluster 53/472: a0082removeduplicatesfromsortedlistii_full
Warning: Cluster file not found for a0082removeduplicatesfromsortedlistii_full
Processing cluster 54/472: a0086partitionlist
Processing cluster 55/472: a0086partitionlist_full
Warning: Cluster file not found for a0086partitionlist_full
Processing cluster 56/472: a0089graycode
Processing cluster 57/472: a0089graycode_full
Warning: Cluster file not found for a0089graycode_full
Processing cluster 58/472: a0090subsetsii
Processing cluster 59/472: a0090subsetsii_full
Warning: Cluster file not found for a0090subsetsii_full
Processing cluster 60/472: a0091decodeways
Processing cluster 61/472: a0091decodeways_full
Warning: Cluster file not found for a0091decodeways_full
Processing cluster 62/472: a0092reverselinkedlistii
Processing cluster 63/472: a0092reverselinkedlistii_full
Warning: Cluster file not found for a0092reverselinkedlistii_full
Processing cluster 64/472: a0093restore_ip_addresses
Processing cluster 65/472: a0093restore_ip_addresses_full
Warning: Cluster file not found for a0093restore_ip_addresses_full
Processing cluster 66/472: a0094binarytreeinordertraversal
Processing cluster 67/472: a0094binarytreeinordertraversal_full
Warning: Cluster file not found for a0094binarytreeinordertraversal_full
Processing cluster 68/472: a0095uniquebinarysearchtreesii
Processing cluster 69/472: a0095uniquebinarysearchtreesii_full
Warning: Cluster file not found for a0095uniquebinarysearchtreesii_full
Processing cluster 70/472: a0096uniquebinarysearchtrees
Processing cluster 71/472: a0096uniquebinarysearchtrees_full
Warning: Cluster file not found for a0096uniquebinarysearchtrees_full
Processing cluster 72/472: a0098validatebinarysearchtree
Processing cluster 73/472: a0098validatebinarysearchtree_full
Warning: Cluster file not found for a0098validatebinarysearchtree_full
Processing cluster 74/472: a0102binarytreelevelordertraversal
Processing cluster 75/472: a0102binarytreelevelordertraversal_full
Warning: Cluster file not found for a0102binarytreelevelordertraversal_full
Processing cluster 76/472: a0103binarytreezigzaglevelordertraversal
Processing cluster 77/472: a0103binarytreezigzaglevelordertraversal_full
Warning: Cluster file not found for a0103binarytreezigzaglevelordertraversal_full
Processing cluster 78/472: a0105constructbinarytreefrompreorderandinordertraversal
Processing cluster 79/472: a0105constructbinarytreefrompreorderandinordertraversal_full
Warning: Cluster file not found for a0105constructbinarytreefrompreorderandinordertraversal_full
Processing cluster 80/472: a0109convertsortedlisttobinarysearchtree
Processing cluster 81/472: a0109convertsortedlisttobinarysearchtree_full
Warning: Cluster file not found for a0109convertsortedlisttobinarysearchtree_full
Processing cluster 82/472: a0113pathsumii
Processing cluster 83/472: a0113pathsumii_full
Warning: Cluster file not found for a0113pathsumii_full
Processing cluster 84/472: a0114flattenbinarytreetolinkedlist
Processing cluster 85/472: a0114flattenbinarytreetolinkedlist_full
Warning: Cluster file not found for a0114flattenbinarytreetolinkedlist_full
Processing cluster 86/472: a0116populatingnextrightpointersineachnode
Processing cluster 87/472: a0116populatingnextrightpointersineachnode_full
Warning: Cluster file not found for a0116populatingnextrightpointersineachnode_full
Processing cluster 88/472: a0120triangle
Processing cluster 89/472: a0120triangle_full
Warning: Cluster file not found for a0120triangle_full
Processing cluster 90/472: a0127wordladder
Processing cluster 91/472: a0127wordladder_full
Warning: Cluster file not found for a0127wordladder_full
Processing cluster 92/472: a0129sumroottoleafnumbers
Processing cluster 93/472: a0129sumroottoleafnumbers_full
Warning: Cluster file not found for a0129sumroottoleafnumbers_full
Processing cluster 94/472: a0130surroundedregions
Processing cluster 95/472: a0130surroundedregions_full
Warning: Cluster file not found for a0130surroundedregions_full
Processing cluster 96/472: a0131palindromepartitioning
Processing cluster 97/472: a0131palindromepartitioning_full
Warning: Cluster file not found for a0131palindromepartitioning_full
Processing cluster 98/472: a0133clonegraph
Processing cluster 99/472: a0133clonegraph_full
Warning: Cluster file not found for a0133clonegraph_full
Processing cluster 100/472: a0134gasstation
Processing cluster 101/472: a0134gasstation_full
Warning: Cluster file not found for a0134gasstation_full
Processing cluster 102/472: a0138copylistwithrandompointer
Processing cluster 103/472: a0138copylistwithrandompointer_full
Warning: Cluster file not found for a0138copylistwithrandompointer_full
Processing cluster 104/472: a0139wordbreak
Processing cluster 105/472: a0139wordbreak_full
Warning: Cluster file not found for a0139wordbreak_full
Processing cluster 106/472: a0142linkedlistcycleii
Processing cluster 107/472: a0142linkedlistcycleii_full
Warning: Cluster file not found for a0142linkedlistcycleii_full
Processing cluster 108/472: a0143reorderlist
Processing cluster 109/472: a0143reorderlist_full
Warning: Cluster file not found for a0143reorderlist_full
Processing cluster 110/472: a0144binarytreepreordertraversal
Processing cluster 111/472: a0144binarytreepreordertraversal_full
Warning: Cluster file not found for a0144binarytreepreordertraversal_full
Processing cluster 112/472: a0146lrucache
Processing cluster 113/472: a0146lrucache_full
Warning: Cluster file not found for a0146lrucache_full
Processing cluster 114/472: a0147insertionsortlist
Processing cluster 115/472: a0147insertionsortlist_full
Warning: Cluster file not found for a0147insertionsortlist_full
Processing cluster 116/472: a0148sortlist
Processing cluster 117/472: a0148sortlist_full
Warning: Cluster file not found for a0148sortlist_full
Processing cluster 118/472: a0150evaluatereversepolishnotation
Processing cluster 119/472: a0150evaluatereversepolishnotation_full
Warning: Cluster file not found for a0150evaluatereversepolishnotation_full
Processing cluster 120/472: a0151reversewordsinastring
Processing cluster 121/472: a0151reversewordsinastring_full
Warning: Cluster file not found for a0151reversewordsinastring_full
Processing cluster 122/472: a0152maximumproductsubarray
Processing cluster 123/472: a0152maximumproductsubarray_full
Warning: Cluster file not found for a0152maximumproductsubarray_full
Processing cluster 124/472: a0153findminimuminrotatedsortedarray
Processing cluster 125/472: a0153findminimuminrotatedsortedarray_full
Warning: Cluster file not found for a0153findminimuminrotatedsortedarray_full
Processing cluster 126/472: a0162findpeakelement
Processing cluster 127/472: a0162findpeakelement_full
Warning: Cluster file not found for a0162findpeakelement_full
Processing cluster 128/472: a0165compareversionnumbers
Processing cluster 129/472: a0165compareversionnumbers_full
Warning: Cluster file not found for a0165compareversionnumbers_full
Processing cluster 130/472: a0166fractiontorecurringdecimal
Processing cluster 131/472: a0166fractiontorecurringdecimal_full
Warning: Cluster file not found for a0166fractiontorecurringdecimal_full
Processing cluster 132/472: a0179largestnumber
Processing cluster 133/472: a0179largestnumber_full
Warning: Cluster file not found for a0179largestnumber_full
Processing cluster 134/472: a0187repeateddnasequences
Processing cluster 135/472: a0187repeateddnasequences_full
Warning: Cluster file not found for a0187repeateddnasequences_full
Processing cluster 136/472: a0199binarytreerightsideview
Processing cluster 137/472: a0199binarytreerightsideview_full
Warning: Cluster file not found for a0199binarytreerightsideview_full
Processing cluster 138/472: a0200numberofislands
Processing cluster 139/472: a0200numberofislands_full
Warning: Cluster file not found for a0200numberofislands_full
Processing cluster 140/472: a0201bitwiseandofnumbersrange
Processing cluster 141/472: a0201bitwiseandofnumbersrange_full
Warning: Cluster file not found for a0201bitwiseandofnumbersrange_full
Processing cluster 142/472: a0207courseschedule
Processing cluster 143/472: a0207courseschedule_full
Warning: Cluster file not found for a0207courseschedule_full
Processing cluster 144/472: a0208implementtrieprefixtree
Processing cluster 145/472: a0208implementtrieprefixtree_full
Warning: Cluster file not found for a0208implementtrieprefixtree_full
Processing cluster 146/472: a0209minimumsizesubarraysum
Processing cluster 147/472: a0209minimumsizesubarraysum_full
Warning: Cluster file not found for a0209minimumsizesubarraysum_full
Processing cluster 148/472: a0210coursescheduleii
Processing cluster 149/472: a0210coursescheduleii_full
Warning: Cluster file not found for a0210coursescheduleii_full
Processing cluster 150/472: a0211addandsearchworddatastructuredesign
Processing cluster 151/472: a0211addandsearchworddatastructuredesign_full
Warning: Cluster file not found for a0211addandsearchworddatastructuredesign_full
Processing cluster 152/472: a0213houserobberii
Processing cluster 153/472: a0213houserobberii_full
Warning: Cluster file not found for a0213houserobberii_full
Processing cluster 154/472: a0215kthlargestelementinanarray
Processing cluster 155/472: a0215kthlargestelementinanarray_full
Warning: Cluster file not found for a0215kthlargestelementinanarray_full
Processing cluster 156/472: a0216combination_sumiii
Processing cluster 157/472: a0216combination_sumiii_full
Warning: Cluster file not found for a0216combination_sumiii_full
Processing cluster 158/472: accumulate
Processing cluster 159/472: accumulate_full
Warning: Cluster file not found for accumulate_full
Processing cluster 160/472: acronym
Processing cluster 161/472: airport_robot
Processing cluster 162/472: all_your_base
Processing cluster 163/472: allergies
Processing cluster 164/472: alphametics
Processing cluster 165/472: amusement_park
Processing cluster 166/472: anagram
Processing cluster 167/472: anagram_indices
Processing cluster 168/472: animal_magic
Processing cluster 169/472: annalyns_infiltration
Processing cluster 170/472: armstrong_numbers
Processing cluster 171/472: atbash_cipher
Processing cluster 172/472: bank_account
Processing cluster 173/472: bank_account_action_invalid_exception
Processing cluster 174/472: basic_calculator
Processing cluster 175/472: beer_song
Processing cluster 176/472: best_time_to_buy_and_sell_stock
Processing cluster 177/472: binary
Processing cluster 178/472: binary_search
Processing cluster 179/472: binary_search_tree
Processing cluster 180/472: binary_tree_right_side_view
Processing cluster 181/472: bird_watcher
Processing cluster 182/472: blackjack
Processing cluster 183/472: bob
Processing cluster 184/472: bob.with_metrics
Processing cluster 185/472: book_store
Processing cluster 186/472: booking_up_for_beauty
Processing cluster 187/472: bottle_song
Processing cluster 188/472: bowling
Processing cluster 189/472: bowling_game_log
Processing cluster 190/472: bracket_push
Processing cluster 191/472: calculate_area_of_polygon
Processing cluster 192/472: candy
Processing cluster 193/472: captains_log
Processing cluster 194/472: card_games
Processing cluster 195/472: card_tricks
Processing cluster 196/472: cars_assemble
Processing cluster 197/472: census
Processing cluster 198/472: chaitanas_colossal_coaster
Processing cluster 199/472: change
Processing cluster 200/472: check_if_point_inside_polygon
Processing cluster 201/472: check_if_two_rectangles_overlap
Processing cluster 202/472: chessboard
Processing cluster 203/472: circular_buffer
Processing cluster 204/472: climbing_staircase
Processing cluster 205/472: clock
Processing cluster 206/472: cluster_hashtag_generator.test.js
Warning: Cluster file not found for cluster_hashtag_generator.test.js
Processing cluster 207/472: collatz_conjecture
Processing cluster 208/472: complex_numbers
Processing cluster 209/472: connect
Processing cluster 210/472: container_with_most_water
Processing cluster 211/472: contains_duplicate
Processing cluster 212/472: coordinate_transformation
Processing cluster 213/472: count_consecutive_sums
Processing cluster 214/472: count_divisibles_in_range
Processing cluster 215/472: count_ip_addresses
Processing cluster 216/472: count_positives
Processing cluster 217/472: count_triplets_with_sum_k
Processing cluster 218/472: crypto_square
Processing cluster 219/472: currency_exchange
Processing cluster 220/472: custom_set
Processing cluster 221/472: darts
Processing cluster 222/472: diamond
Processing cluster 223/472: diamond_printer
Processing cluster 224/472: difference_of_squares
Processing cluster 225/472: difference_of_squares_calculator
Processing cluster 226/472: diffie_hellman
Processing cluster 227/472: dn_dcharacter
Processing cluster 228/472: dnd_character
Processing cluster 229/472: doctor_data
Processing cluster 230/472: domain_name
Processing cluster 231/472: dominoes
Processing cluster 232/472: election_day
Processing cluster 233/472: eliuds_eggs
Processing cluster 234/472: ellens_alien_game
Processing cluster 235/472: elons_toy_car
Processing cluster 236/472: elons_toys
Processing cluster 237/472: encode_and_decode_strings
Processing cluster 238/472: error_handling
Processing cluster 239/472: etl
Processing cluster 240/472: evaluate_reverse_polish_notation
Processing cluster 241/472: expenses
Processing cluster 242/472: fancy_sequence
Processing cluster 243/472: find_busiest_interval
Processing cluster 244/472: find_el_smaller_left_bigger_right
Processing cluster 245/472: find_el_where_k_greater_or_equal
Processing cluster 246/472: find_element_range_sorted_array
Processing cluster 247/472: find_first_missing_positive
Processing cluster 248/472: find_min_path
Processing cluster 249/472: find_missing_number_in_second_array
Processing cluster 250/472: find_one_missing_number
Processing cluster 251/472: find_peak_element
Processing cluster 252/472: find_two_missing_numbers
Processing cluster 253/472: find_unpaired
Processing cluster 254/472: flatten_array
Processing cluster 255/472: flatten_deep_list
Processing cluster 256/472: flower_field
Processing cluster 257/472: food_chain
Processing cluster 258/472: football_match_reports
Processing cluster 259/472: forth
Processing cluster 260/472: freelancer_rates
Processing cluster 261/472: generate_parentheses
Processing cluster 262/472: ghost_gobble_arcade_game
Processing cluster 263/472: gigasecond
Processing cluster 264/472: gotta_snatch_em_all
Processing cluster 265/472: grade_school
Processing cluster 266/472: grains
Processing cluster 267/472: grep
Processing cluster 268/472: gross_store
Processing cluster 269/472: group_anagrams
Processing cluster 270/472: guidos_gorgeous_lasagna
Processing cluster 271/472: hamming
Processing cluster 272/472: hashtag_generator
Processing cluster 273/472: hello_world
Processing cluster 274/472: hexadecimal
Processing cluster 275/472: high_score_board
Processing cluster 276/472: high_scores
Processing cluster 277/472: house
Processing cluster 278/472: human_readable_numbers
Warning: Cluster file not found for human_readable_numbers
Processing cluster 279/472: interest_is_interesting
Processing cluster 280/472: isbn_verifier
Processing cluster 281/472: isogram
Processing cluster 282/472: jedliks_toy_car
Processing cluster 283/472: jump_game
Processing cluster 284/472: killer_sudoku_helper
Processing cluster 285/472: kindergarten_garden
Processing cluster 286/472: knapsack
Processing cluster 287/472: kth_smallest
Processing cluster 288/472: largest_series_product
Processing cluster 289/472: largest_series_product_calculator
Processing cluster 290/472: lasagna
Processing cluster 291/472: lasagna_master
Processing cluster 292/472: last_will
Processing cluster 293/472: leap
Processing cluster 294/472: leap.with_metrics
Processing cluster 295/472: ledger
Processing cluster 296/472: letter_combinations
Processing cluster 297/472: linked_list
Processing cluster 298/472: linked_list_cycle
Processing cluster 299/472: list_ops
Processing cluster 300/472: little_sisters_essay
Processing cluster 301/472: little_sisters_vocab
Processing cluster 302/472: log_levels
Processing cluster 303/472: log_levels_alt
Processing cluster 304/472: logs_logs_logs
Processing cluster 305/472: longest_common_prefix
Processing cluster 306/472: longest_common_subsequence
Processing cluster 307/472: longest_consecutive_sequence
Processing cluster 308/472: longest_increasing_subarray
Processing cluster 309/472: longest_palindromic_substring
Processing cluster 310/472: longest_repeating_character_replacement
Processing cluster 311/472: longest_substring_without_repeating_characters
Processing cluster 312/472: lucky_numbers
Processing cluster 313/472: luhn
Processing cluster 314/472: luhn_validator
Processing cluster 315/472: majority_element
Processing cluster 316/472: making_the_grade
Processing cluster 317/472: markdown
Processing cluster 318/472: matching_brackets
Processing cluster 319/472: matrix
Processing cluster 320/472: maximum_depth_of_binary_tree
Processing cluster 321/472: mean_square_error
Processing cluster 322/472: meetup
Processing cluster 323/472: meetup_schedule
Processing cluster 324/472: merge_intervals
Processing cluster 325/472: merge_sorted_array
Processing cluster 326/472: meteorology
Processing cluster 327/472: min_cost_coloring
Processing cluster 328/472: min_stack
Processing cluster 329/472: min_swaps
Processing cluster 330/472: minesweeper
Processing cluster 331/472: minesweeper_board
Processing cluster 332/472: minimum_absolute_difference_in_bst
Processing cluster 333/472: minimum_size_subarray_sum
Processing cluster 334/472: minimum_window_substring
Processing cluster 335/472: mixed_juices
Processing cluster 336/472: need_for_speed
Processing cluster 337/472: nth_fibonacci_number
Processing cluster 338/472: nth_prime
Processing cluster 339/472: nucleotide_count
Processing cluster 340/472: number_of_islands
Processing cluster 341/472: ocr_numbers
Processing cluster 342/472: octal
Processing cluster 343/472: odd_sum
Processing cluster 344/472: optical_character_reader
Processing cluster 345/472: ordered_digits
Processing cluster 346/472: ozans_playlist
Processing cluster 347/472: paasio
Processing cluster 348/472: pacman_rules
Processing cluster 349/472: palindrome_integer
Processing cluster 350/472: palindrome_products
Processing cluster 351/472: pangram
Processing cluster 352/472: pangram.with_metrics
Processing cluster 353/472: pangram_checker
Processing cluster 354/472: parallel_letter_frequency
Processing cluster 355/472: parsing_log_files
Processing cluster 356/472: party_robot
Processing cluster 357/472: pascals_triangle
Processing cluster 358/472: perfect_numbers
Processing cluster 359/472: perfect_rectangle
Processing cluster 360/472: permutation_in_string
Processing cluster 361/472: phone_number
Processing cluster 362/472: pig_latin
Processing cluster 363/472: pig_latin_translator
Processing cluster 364/472: poker
Processing cluster 365/472: postfix_evaluate
Processing cluster 366/472: pov
Processing cluster 367/472: power
Processing cluster 368/472: power_of_troy
Processing cluster 369/472: power_set
Processing cluster 370/472: prime_calculator
Processing cluster 371/472: prime_factors
Processing cluster 372/472: product_of_array_except_self
Processing cluster 373/472: protein_translation
Processing cluster 374/472: protein_translator
Processing cluster 375/472: proverb
Processing cluster 376/472: pythagorean_triplet
Processing cluster 377/472: queen
Processing cluster 378/472: queen_attack
Processing cluster 379/472: queens_problem
Processing cluster 380/472: rail_fence_cipher
Processing cluster 381/472: raindrops
Processing cluster 382/472: raindrops.with_metrics
Processing cluster 383/472: random_sample
Processing cluster 384/472: ransom_note
Processing cluster 385/472: rational_numbers
Processing cluster 386/472: react
Processing cluster 387/472: rectangles
Processing cluster 388/472: resistor_color
Processing cluster 389/472: resistor_color_duo
Processing cluster 390/472: resistor_color_enum
Processing cluster 391/472: resistor_color_trio
Processing cluster 392/472: reverse_all_lists
Processing cluster 393/472: reverse_array
Processing cluster 394/472: reverse_ascending_sublists
Processing cluster 395/472: reverse_integer
Processing cluster 396/472: reverse_string
Processing cluster 397/472: reverse_vowels
Processing cluster 398/472: reverse_words_in_sentence
Processing cluster 399/472: river_sizes
Processing cluster 400/472: rna_transcription
Processing cluster 401/472: robot_name
Processing cluster 402/472: robot_simulator
Processing cluster 403/472: roman_numerals
Processing cluster 404/472: rotate_array
Processing cluster 405/472: rotational_cipher
Processing cluster 406/472: run_length_encoding
Processing cluster 407/472: saddle_points
Processing cluster 408/472: salary_calculator
Processing cluster 409/472: savings_account
Processing cluster 410/472: say
Processing cluster 411/472: scale_generator2025-11-17 13:07:25,467 - __main__ - INFO - Pass rate visualizator initialized
2025-11-17 13:07:25,467 - __main__ - INFO - Generating pass rate visualizations...
2025-11-17 13:07:28,554 - __main__ - INFO - ✓ Pass rate analysis completed successfully!
2025-11-17 13:07:28,554 - __main__ - INFO - Pass rate plots saved to: execution_stats_plots
2025-11-17 13:07:28,554 - __main__ - INFO - ================================================================================
2025-11-17 13:07:28,554 - __main__ - INFO - Analysis completed successfully!
2025-11-17 13:07:28,554 - __main__ - INFO - Statistics saved to: /Users/piccoletto/Desktop/Everything/pisa/tesi/Sustainable-Code-Refactoring-with-LLMs/src/metrics/execution_stats
2025-11-17 13:07:28,554 - __main__ - INFO - Plots saved to: /Users/piccoletto/Desktop/Everything/pisa/tesi/Sustainable-Code-Refactoring-with-LLMs/src/metrics/execution_stats_plots
2025-11-17 13:07:28,554 - __main__ - INFO - ================================================================================

Processing cluster 412/472: scrabble_score
Processing cluster 413/472: scramblies
Processing cluster 414/472: search_2d_matrix
Processing cluster 415/472: secret_handshake
Processing cluster 416/472: secrets
Processing cluster 417/472: series
Processing cluster 418/472: set_matrix_zeroes
Processing cluster 419/472: shuffle_array
Processing cluster 420/472: sieve
Processing cluster 421/472: simple_cipher
Processing cluster 422/472: simple_linked_list
Processing cluster 423/472: sliding_window_maximum
Processing cluster 424/472: smallest_multiple
Processing cluster 425/472: snakes_and_ladders
Processing cluster 426/472: sort_rgb_array
Processing cluster 427/472: sorting_room
Processing cluster 428/472: space_age
Processing cluster 429/472: speedywagon
Processing cluster 430/472: spiral_matrix
Processing cluster 431/472: spiral_matrix_builder
Processing cluster 432/472: spiral_traversal
Processing cluster 433/472: split_coins
Processing cluster 434/472: square_root
Processing cluster 435/472: squeaky_clean
Processing cluster 436/472: state_of_tic_tac_toe
Processing cluster 437/472: strain
Processing cluster 438/472: sublist
Processing cluster 439/472: sum_non_adjecent
Processing cluster 440/472: sum_of_multiples
Processing cluster 441/472: summary_ranges
Processing cluster 442/472: swap_first_and_last_word
Processing cluster 443/472: the_farm
Processing cluster 444/472: three_sum
Processing cluster 445/472: tournament
Processing cluster 446/472: transpose
Processing cluster 447/472: tree_building
Processing cluster 448/472: triangle
Processing cluster 449/472: trinary
Processing cluster 450/472: troll_the_trolls
Processing cluster 451/472: twelve_days
Processing cluster 452/472: two_bucket
Processing cluster 453/472: two_fer
Processing cluster 454/472: two_sum
Processing cluster 455/472: two_sum_ii_input_array_is_sorted
Processing cluster 456/472: twofer
Processing cluster 457/472: typoglycemia_generator
Warning: Cluster file not found for typoglycemia_generator
Processing cluster 458/472: unique_paths
Processing cluster 459/472: valid_anagram
Processing cluster 460/472: valid_palindrome
Processing cluster 461/472: valid_parentheses
Processing cluster 462/472: valid_sudoku
Processing cluster 463/472: variable_length_quantity
Processing cluster 464/472: vehicle_purchase
Processing cluster 465/472: weather_forecast
Processing cluster 466/472: welcome_to_tech_palace
Processing cluster 467/472: word_break
Processing cluster 468/472: word_count
Processing cluster 469/472: word_search
Processing cluster 470/472: wordy
Processing cluster 471/472: yacht
Processing cluster 472/472: zebra_puzzle

Calculating statistics...
✓ Included 1089 base code entries with 100% pass rate
  (These are the ONLY entries analyzed for LLM comparison)
✓ Pass rate analysis complete!
✓ Results saved to execution_stats/pass_rate_aggregated.json

================================================================================
PASS RATE ANALYSIS SUMMARY
================================================================================

GLOBAL STATISTICS:
  Base Code Mean Pass Rate: 100.00%
  LLM Aggregated Mean Pass Rate: 93.56%
  Overall Degradation: -6.44%

PASS RATE BY LANGUAGE:
  C:
    Base: 100.00%
    LLM:  85.03%
    Degradation: -14.97%
  CPP:
    Base: 100.00%
    LLM:  78.07%
    Degradation: -21.93%
  GO:
    Base: 100.00%
    LLM:  98.89%
    Degradation: -1.11%
  JAVA:
    Base: 100.00%
    LLM:  84.51%
    Degradation: -15.49%
  PYTHON:
    Base: 100.00%
    LLM:  90.59%
    Degradation: -9.41%
  JAVASCRIPT:
    Base: 100.00%
    LLM:  59.46%
    Degradation: -40.54%
  TYPESCRIPT:
    Base: 100.00%
    LLM:  97.43%
    Degradation: -2.57%

PASS RATE BY MODEL:
  openAI: 93.49%
  claude: 93.56%
  gemini: 93.66%

PASS RATE BY PROMPT VERSION:
  v1: 95.61%
  v2: 95.56%
  v3: 91.42%
  v4: 91.67%

================================================================================
Generating pass rate visualizations...

[4.1.A] Generating overview graphs...
  - Generating aggregated overview...
    ✓ Saved: execution_stats_plots/language_pass_rate_aggregated.png
  - Generating by-model overview...
    ✓ Saved: execution_stats_plots/language_pass_rate_by_model.png

[4.1.B] Generating drill-down graphs (28 total)...
  - Generating drill-down for v1...
    ✓ Generated 7 graphs for v1
  - Generating drill-down for v2...
    ✓ Generated 7 graphs for v2
  - Generating drill-down for v3...
    ✓ Generated 7 graphs for v3
  - Generating drill-down for v4...
    ✓ Generated 7 graphs for v4
  ✓ Total drill-down graphs generated: 28

✓ All visualizations generated successfully!

Generating summary report...
✓ Summary report saved: execution_stats_plots/pass_rate_summary_report.md

================================================================================
SUMMARY
================================================================================

OBJECTIVE 1:
  - Metrics aggregated by prompt version
  - Base code entries: 1061

OBJECTIVE 2:
  - Metrics aggregated by programming language
  - Base code languages: 7
  - LLM code languages: 7

OBJECTIVE 3:
  - Metrics aggregated by model + prompt version
  - Model-version combinations: 12
  - Improvement percentages calculated

OBJECTIVE 4:
  - Metrics aggregated by language + model
  - Language-model combinations: 21

================================================================================
Visualizations created in:
  - /Users/piccoletto/Desktop/Everything/pisa/tesi/Sustainable-Code-Refactoring-with-LLMs/src/metrics/execution_stats_plots/metrics_means_related_to_prompt_versions
  - /Users/piccoletto/Desktop/Everything/pisa/tesi/Sustainable-Code-Refactoring-with-LLMs/src/metrics/execution_stats_plots/metrics_means_related_to_languages
  - /Users/piccoletto/Desktop/Everything/pisa/tesi/Sustainable-Code-Refactoring-with-LLMs/src/metrics/execution_stats_plots/metrics_means_related_to_both_model_and_prompt_version
  - /Users/piccoletto/Desktop/Everything/pisa/tesi/Sustainable-Code-Refactoring-with-LLMs/src/metrics/execution_stats_plots/metrics_means_related_to_language_and_model

Summary report: /Users/piccoletto/Desktop/Everything/pisa/tesi/Sustainable-Code-Refactoring-with-LLMs/src/metrics/execution_stats_plots/summary_report.md
================================================================================

[0;32m[SUCCESS][0m Execution metrics and pass rate analysis completed
[0;34m[INFO][0m [3/8] Generating energy improvements analysis...
================================================================================
ENERGY IMPROVEMENTS ANALYSIS
================================================================================
Loading data from JSON files...
Found 242 cluster files
Loaded 35442 total records
Valid improvements: 30744
Invalid improvements: 3749
Outliers: 949

=== Analyzing by Language ===
CPU_usage - go: 3658 samples, mean=28.56%
CPU_usage - typescript: 2078 samples, mean=18.90%
CPU_usage - python: 940 samples, mean=3.34%
CPU_usage - java: 550 samples, mean=32.13%
CPU_usage - javascript: 26 samples, mean=-38.61%
CPU_usage - cpp: 381 samples, mean=5.97%
CPU_usage - c: 169 samples, mean=-24.46%
RAM_usage - go: 3683 samples, mean=47.10%
RAM_usage - typescript: 2213 samples, mean=36.07%
RAM_usage - python: 940 samples, mean=-0.05%
RAM_usage - java: 550 samples, mean=-0.02%
RAM_usage - javascript: 26 samples, mean=2.07%
RAM_usage - cpp: 127 samples, mean=0.41%
RAM_usage - c: 141 samples, mean=-8.91%
execution_time_ms - go: 3679 samples, mean=63.80%
execution_time_ms - typescript: 2180 samples, mean=27.89%
execution_time_ms - python: 940 samples, mean=-14.39%
execution_time_ms - java: 550 samples, mean=-80.39%
execution_time_ms - javascript: 26 samples, mean=-130.99%
execution_time_ms - cpp: 98 samples, mean=-25.19%
execution_time_ms - c: 140 samples, mean=24.84%
energy_joules - go: 3672 samples, mean=73.03%
energy_joules - typescript: 2194 samples, mean=32.60%
energy_joules - python: 940 samples, mean=-9.21%
energy_joules - java: 550 samples, mean=-17.31%
energy_joules - cpp: 127 samples, mean=20.68%
energy_joules - c: 158 samples, mean=-3.29%
energy_joules - javascript: 8 samples, mean=0.55%

Saved statistics to /Users/piccoletto/Desktop/Everything/pisa/tesi/Sustainable-Code-Refactoring-with-LLMs/src/metrics/energy_improvements/stats_by_language.json

=== Analyzing by Model ===
CPU_usage - openAI: 2568 samples, mean=21.35%
CPU_usage - gemini: 2600 samples, mean=19.71%
CPU_usage - claude: 2634 samples, mean=21.12%
RAM_usage - openAI: 2524 samples, mean=33.35%
RAM_usage - gemini: 2561 samples, mean=32.83%
RAM_usage - claude: 2595 samples, mean=32.31%
execution_time_ms - openAI: 2514 samples, mean=30.69%
execution_time_ms - gemini: 2538 samples, mean=31.55%
execution_time_ms - claude: 2561 samples, mean=30.51%
energy_joules - openAI: 2519 samples, mean=42.67%
energy_joules - gemini: 2548 samples, mean=42.06%
energy_joules - claude: 2582 samples, mean=42.20%

Saved statistics to /Users/piccoletto/Desktop/Everything/pisa/tesi/Sustainable-Code-Refactoring-with-LLMs/src/metrics/energy_improvements/stats_by_model.json

=== Analyzing by Prompt Version ===
CPU_usage - prompt_v1: 1898 samples, mean=17.57%
CPU_usage - prompt_v2: 1968 samples, mean=21.63%
CPU_usage - prompt_v3: 1969 samples, mean=21.81%
CPU_usage - prompt_v4: 1967 samples, mean=21.78%
RAM_usage - prompt_v1: 1922 samples, mean=19.49%
RAM_usage - prompt_v2: 1919 samples, mean=37.29%
RAM_usage - prompt_v3: 1920 samples, mean=37.25%
RAM_usage - prompt_v4: 1919 samples, mean=37.30%
execution_time_ms - prompt_v1: 1885 samples, mean=19.77%
execution_time_ms - prompt_v2: 1910 samples, mean=34.76%
execution_time_ms - prompt_v3: 1911 samples, mean=34.53%
execution_time_ms - prompt_v4: 1907 samples, mean=34.47%
energy_joules - prompt_v1: 1899 samples, mean=31.50%
energy_joules - prompt_v2: 1915 samples, mean=46.11%
energy_joules - prompt_v3: 1919 samples, mean=45.90%
energy_joules - prompt_v4: 1916 samples, mean=45.63%

Saved statistics to /Users/piccoletto/Desktop/Everything/pisa/tesi/Sustainable-Code-Refactoring-with-LLMs/src/metrics/energy_improvements/stats_by_prompt.json

=== Analyzing by Model + Prompt Version ===
CPU_usage - openAI_prompt_v1: 625 samples, mean=17.94%
CPU_usage - openAI_prompt_v2: 647 samples, mean=22.41%
CPU_usage - openAI_prompt_v3: 652 samples, mean=22.51%
CPU_usage - openAI_prompt_v4: 644 samples, mean=22.42%
CPU_usage - gemini_prompt_v1: 627 samples, mean=16.13%
CPU_usage - gemini_prompt_v2: 659 samples, mean=20.75%
CPU_usage - gemini_prompt_v3: 658 samples, mean=20.86%
CPU_usage - gemini_prompt_v4: 656 samples, mean=20.92%
CPU_usage - claude_prompt_v1: 646 samples, mean=18.62%
CPU_usage - claude_prompt_v2: 662 samples, mean=21.74%
CPU_usage - claude_prompt_v3: 659 samples, mean=22.05%
CPU_usage - claude_prompt_v4: 667 samples, mean=22.03%
RAM_usage - openAI_prompt_v1: 631 samples, mean=19.75%
RAM_usage - openAI_prompt_v2: 630 samples, mean=37.99%
RAM_usage - openAI_prompt_v3: 635 samples, mean=37.58%
RAM_usage - openAI_prompt_v4: 628 samples, mean=38.08%
RAM_usage - gemini_prompt_v1: 635 samples, mean=19.75%
RAM_usage - gemini_prompt_v2: 644 samples, mean=37.01%
RAM_usage - gemini_prompt_v3: 641 samples, mean=37.24%
RAM_usage - gemini_prompt_v4: 641 samples, mean=37.19%
RAM_usage - claude_prompt_v1: 656 samples, mean=18.99%
RAM_usage - claude_prompt_v2: 645 samples, mean=36.89%
RAM_usage - claude_prompt_v3: 644 samples, mean=36.92%
RAM_usage - claude_prompt_v4: 650 samples, mean=36.64%
execution_time_ms - openAI_prompt_v1: 621 samples, mean=19.81%
execution_time_ms - openAI_prompt_v2: 631 samples, mean=34.16%
execution_time_ms - openAI_prompt_v3: 633 samples, mean=34.70%
execution_time_ms - openAI_prompt_v4: 629 samples, mean=33.92%
execution_time_ms - gemini_prompt_v1: 626 samples, mean=18.79%
execution_time_ms - gemini_prompt_v2: 637 samples, mean=36.63%
execution_time_ms - gemini_prompt_v3: 639 samples, mean=34.92%
execution_time_ms - gemini_prompt_v4: 636 samples, mean=35.62%
execution_time_ms - claude_prompt_v1: 638 samples, mean=20.68%
execution_time_ms - claude_prompt_v2: 642 samples, mean=33.48%
execution_time_ms - claude_prompt_v3: 639 samples, mean=33.98%
execution_time_ms - claude_prompt_v4: 642 samples, mean=33.87%
energy_joules - openAI_prompt_v1: 625 samples, mean=31.72%
energy_joules - openAI_prompt_v2: 630 samples, mean=46.60%
energy_joules - openAI_prompt_v3: 635 samples, mean=46.53%
energy_joules - openAI_prompt_v4: 629 samples, mean=45.70%
energy_joules - gemini_prompt_v1: 627 samples, mean=30.09%
energy_joules - gemini_prompt_v2: 641 samples, mean=46.22%
energy_joules - gemini_prompt_v3: 641 samples, mean=45.77%
energy_joules - gemini_prompt_v4: 639 samples, mean=45.92%
energy_joules - claude_prompt_v1: 647 samples, mean=32.64%
energy_joules - claude_prompt_v2: 644 samples, mean=45.51%
energy_joules - claude_prompt_v3: 643 samples, mean=45.40%
energy_joules - claude_prompt_v4: 648 samples, mean=45.26%

Saved statistics to /Users/piccoletto/Desktop/Everything/pisa/tesi/Sustainable-Code-Refactoring-with-LLMs/src/metrics/energy_improvements/stats_by_model_and_prompt.json

=== Analyzing Invalid Improvements ===
Total invalid improvements: 3749

By model: {'openAI': 1354, 'gemini': 1245, 'claude': 1150}
By language: {'': 2682, 'cpp': 649, 'typescript': 4, 'c': 414}
By prompt: {'prompt_v1': 983, 'prompt_v2': 925, 'prompt_v3': 920, 'prompt_v4': 921}

Saved statistics to /Users/piccoletto/Desktop/Everything/pisa/tesi/Sustainable-Code-Refactoring-with-LLMs/src/metrics/energy_improvements/stats_invalid_improvements.json

=== Analyzing Outliers ===
Total outliers: 949

By model: {'openAI': 301, 'gemini': 324, 'claude': 324}
By language: {'javascript': 18, 'cpp': 422, 'typescript': 183, 'go': 40, 'c': 286}
By prompt: {'prompt_v2': 238, 'prompt_v3': 237, 'prompt_v4': 246, 'prompt_v1': 228}

Saved statistics to /Users/piccoletto/Desktop/Everything/pisa/tesi/Sustainable-Code-Refactoring-with-LLMs/src/metrics/energy_improvements/stats_outliers.json

=== Analyzing Success Rate ===
openAI_prompt_v1: 2572/2929 = 87.81%
openAI_prompt_v2: 2613/2949 = 88.61%
openAI_prompt_v3: 2633/2954 = 89.13%
openAI_prompt_v4: 2608/2948 = 88.47%
gemini_prompt_v1: 2590/2933 = 88.31%
gemini_prompt_v2: 2667/2963 = 90.01%
gemini_prompt_v3: 2657/2960 = 89.76%
gemini_prompt_v4: 2657/2960 = 89.76%
claude_prompt_v1: 2670/2953 = 90.42%
claude_prompt_v2: 2670/2963 = 90.11%
claude_prompt_v3: 2666/2962 = 90.01%
claude_prompt_v4: 2690/2968 = 90.63%

Saved statistics to /Users/piccoletto/Desktop/Everything/pisa/tesi/Sustainable-Code-Refactoring-with-LLMs/src/metrics/energy_improvements/stats_success_rate.json

=== Creating Visualizations ===/Users/piccoletto/Desktop/Everything/pisa/tesi/Sustainable-Code-Refactoring-with-LLMs/src/metrics/energy_improvements/analyze_energy_improvements.py:539: MatplotlibDeprecationWarning: The 'labels' parameter of boxplot() has been renamed 'tick_labels' since Matplotlib 3.9; support for the old name will be dropped in 3.11.
  bp = ax.boxplot(
/Users/piccoletto/Desktop/Everything/pisa/tesi/Sustainable-Code-Refactoring-with-LLMs/src/metrics/energy_improvements/analyze_energy_improvements.py:539: MatplotlibDeprecationWarning: The 'labels' parameter of boxplot() has been renamed 'tick_labels' since Matplotlib 3.9; support for the old name will be dropped in 3.11.
  bp = ax.boxplot(
/Users/piccoletto/Desktop/Everything/pisa/tesi/Sustainable-Code-Refactoring-with-LLMs/src/metrics/energy_improvements/analyze_energy_improvements.py:539: MatplotlibDeprecationWarning: The 'labels' parameter of boxplot() has been renamed 'tick_labels' since Matplotlib 3.9; support for the old name will be dropped in 3.11.
  bp = ax.boxplot(
/Users/piccoletto/Desktop/Everything/pisa/tesi/Sustainable-Code-Refactoring-with-LLMs/src/metrics/energy_improvements/analyze_energy_improvements.py:539: MatplotlibDeprecationWarning: The 'labels' parameter of boxplot() has been renamed 'tick_labels' since Matplotlib 3.9; support for the old name will be dropped in 3.11.
  bp = ax.boxplot(
/Users/piccoletto/Desktop/Everything/pisa/tesi/Sustainable-Code-Refactoring-with-LLMs/src/metrics/energy_improvements/analyze_energy_improvements.py:607: MatplotlibDeprecationWarning: The 'labels' parameter of boxplot() has been renamed 'tick_labels' since Matplotlib 3.9; support for the old name will be dropped in 3.11.
  bp = ax.boxplot(
/Users/piccoletto/Desktop/Everything/pisa/tesi/Sustainable-Code-Refactoring-with-LLMs/src/metrics/energy_improvements/analyze_energy_improvements.py:607: MatplotlibDeprecationWarning: The 'labels' parameter of boxplot() has been renamed 'tick_labels' since Matplotlib 3.9; support for the old name will be dropped in 3.11.
  bp = ax.boxplot(
/Users/piccoletto/Desktop/Everything/pisa/tesi/Sustainable-Code-Refactoring-with-LLMs/src/metrics/energy_improvements/analyze_energy_improvements.py:607: MatplotlibDeprecationWarning: The 'labels' parameter of boxplot() has been renamed 'tick_labels' since Matplotlib 3.9; support for the old name will be dropped in 3.11.
  bp = ax.boxplot(
/Users/piccoletto/Desktop/Everything/pisa/tesi/Sustainable-Code-Refactoring-with-LLMs/src/metrics/energy_improvements/analyze_energy_improvements.py:607: MatplotlibDeprecationWarning: The 'labels' parameter of boxplot() has been renamed 'tick_labels' since Matplotlib 3.9; support for the old name will be dropped in 3.11.
  bp = ax.boxplot(
/Users/piccoletto/Desktop/Everything/pisa/tesi/Sustainable-Code-Refactoring-with-LLMs/src/metrics/energy_improvements/analyze_energy_improvements.py:704: MatplotlibDeprecationWarning: The 'labels' parameter of boxplot() has been renamed 'tick_labels' since Matplotlib 3.9; support for the old name will be dropped in 3.11.
  bp = ax.boxplot(
/Users/piccoletto/Desktop/Everything/pisa/tesi/Sustainable-Code-Refactoring-with-LLMs/src/metrics/energy_improvements/analyze_energy_improvements.py:704: MatplotlibDeprecationWarning: The 'labels' parameter of boxplot() has been renamed 'tick_labels' since Matplotlib 3.9; support for the old name will be dropped in 3.11.
  bp = ax.boxplot(
/Users/piccoletto/Desktop/Everything/pisa/tesi/Sustainable-Code-Refactoring-with-LLMs/src/metrics/energy_improvements/analyze_energy_improvements.py:704: MatplotlibDeprecationWarning: The 'labels' parameter of boxplot() has been renamed 'tick_labels' since Matplotlib 3.9; support for the old name will be dropped in 3.11.
  bp = ax.boxplot(
/Users/piccoletto/Desktop/Everything/pisa/tesi/Sustainable-Code-Refactoring-with-LLMs/src/metrics/energy_improvements/analyze_energy_improvements.py:704: MatplotlibDeprecationWarning: The 'labels' parameter of boxplot() has been renamed 'tick_labels' since Matplotlib 3.9; support for the old name will be dropped in 3.11.
  bp = ax.boxplot(
/Users/piccoletto/Desktop/Everything/pisa/tesi/Sustainable-Code-Refactoring-with-LLMs/src/metrics/energy_improvements/analyze_energy_improvements.py:892: MatplotlibDeprecationWarning: The 'labels' parameter of boxplot() has been renamed 'tick_labels' since Matplotlib 3.9; support for the old name will be dropped in 3.11.
  bp = ax.boxplot(
/Users/piccoletto/Desktop/Everything/pisa/tesi/Sustainable-Code-Refactoring-with-LLMs/src/metrics/energy_improvements/analyze_energy_improvements.py:892: MatplotlibDeprecationWarning: The 'labels' parameter of boxplot() has been renamed 'tick_labels' since Matplotlib 3.9; support for the old name will be dropped in 3.11.
  bp = ax.boxplot(
/Users/piccoletto/Desktop/Everything/pisa/tesi/Sustainable-Code-Refactoring-with-LLMs/src/metrics/energy_improvements/analyze_energy_improvements.py:892: MatplotlibDeprecationWarning: The 'labels' parameter of boxplot() has been renamed 'tick_labels' since Matplotlib 3.9; support for the old name will be dropped in 3.11.
  bp = ax.boxplot(
/Users/piccoletto/Desktop/Everything/pisa/tesi/Sustainable-Code-Refactoring-with-LLMs/src/metrics/energy_improvements/analyze_energy_improvements.py:892: MatplotlibDeprecationWarning: The 'labels' parameter of boxplot() has been renamed 'tick_labels' since Matplotlib 3.9; support for the old name will be dropped in 3.11.
  bp = ax.boxplot(

Saved /Users/piccoletto/Desktop/Everything/pisa/tesi/Sustainable-Code-Refactoring-with-LLMs/src/metrics/energy_improvements/fig_improvements_by_language.png
Saved /Users/piccoletto/Desktop/Everything/pisa/tesi/Sustainable-Code-Refactoring-with-LLMs/src/metrics/energy_improvements/fig_improvements_by_model.png
Saved /Users/piccoletto/Desktop/Everything/pisa/tesi/Sustainable-Code-Refactoring-with-LLMs/src/metrics/energy_improvements/fig_improvements_by_prompt.png
Saved /Users/piccoletto/Desktop/Everything/pisa/tesi/Sustainable-Code-Refactoring-with-LLMs/src/metrics/energy_improvements/fig_heatmap_model_prompt.png
Saved /Users/piccoletto/Desktop/Everything/pisa/tesi/Sustainable-Code-Refactoring-with-LLMs/src/metrics/energy_improvements/fig_model_prompt_combinations_boxplots.png
Saved /Users/piccoletto/Desktop/Everything/pisa/tesi/Sustainable-Code-Refactoring-with-LLMs/src/metrics/energy_improvements/fig_invalid_and_outliers.png
Saved /Users/piccoletto/Desktop/Everything/pisa/tesi/Sustainable-Code-Refactoring-with-LLMs/src/metrics/energy_improvements/fig_success_rate.png
Saved /Users/piccoletto/Desktop/Everything/pisa/tesi/Sustainable-Code-Refactoring-with-LLMs/src/metrics/energy_improvements/fig_improvement_distributions.png
All visualizations created successfully

================================================================================
ANALYSIS COMPLETE
================================================================================

Output directory: /Users/piccoletto/Desktop/Everything/pisa/tesi/Sustainable-Code-Refactoring-with-LLMs/src/metrics/energy_improvements

Generated files:
  Statistics JSON files:
    - stats_by_language.json
    - stats_by_model.json
    - stats_by_prompt.json
    - stats_by_model_and_prompt.json
    - stats_invalid_improvements.json
    - stats_outliers.json
    - stats_success_rate.json

  Visualization PNG files:
    - fig_improvements_by_language.png
    - fig_improvements_by_model.png
    - fig_improvements_by_prompt.png
    - fig_heatmap_model_prompt.png
    - fig_model_prompt_combinations_boxplots.png
    - fig_invalid_and_outliers.png
    - fig_success_rate.png
    - fig_improvement_distributions.png
[0;32m[SUCCESS][0m Energy improvements analysis completed
[0;34m[INFO][0m [4/8] Generating energy and carbon footprint plots...
2025-11-17 13:07:33,588 - __main__ - INFO - ================================================================================
2025-11-17 13:07:33,588 - __main__ - INFO - ENERGY AND CARBON ANALYSIS - START
2025-11-17 13:07:33,588 - __main__ - INFO - ================================================================================
2025-11-17 13:07:33,588 - __main__ - INFO - 
[STEP 1] Loading configuration...
2025-11-17 13:07:33,588 - __main__ - INFO - 
EnergyConfig(
  TDP_CPU: 95.0W
  RAM_Power: 0.375W/GB
  PUE: 1.5
  Carbon Intensity: 400.0 gCO2eq/kWh (EU-average)
)
2025-11-17 13:07:33,588 - __main__ - INFO - 
[STEP 2] Loading and filtering execution data...
2025-11-17 13:07:33,588 - __main__ - INFO - Loading execution data from src/execution_outputs/...
2025-11-17 13:07:33,589 - __main__ - INFO - Found 394 clusters to process
2025-11-17 13:07:33,589 - __main__ - WARNING - Base file not found: /Users/piccoletto/Desktop/Everything/pisa/tesi/Sustainable-Code-Refactoring-with-LLMs/src/execution_outputs/find_peak_element_results_1.json
2025-11-17 13:07:33,589 - __main__ - WARNING - Base file not found: /Users/piccoletto/Desktop/Everything/pisa/tesi/Sustainable-Code-Refactoring-with-LLMs/src/execution_outputs/find_peak_element_results_2.json
2025-11-17 13:07:33,589 - __main__ - WARNING - Base file not found: /Users/piccoletto/Desktop/Everything/pisa/tesi/Sustainable-Code-Refactoring-with-LLMs/src/execution_outputs/find_peak_element_results_3.json
2025-11-17 13:07:33,589 - __main__ - WARNING - Base file not found: /Users/piccoletto/Desktop/Everything/pisa/tesi/Sustainable-Code-Refactoring-with-LLMs/src/execution_outputs/find_peak_element_results_4.json
2025-11-17 13:07:33,589 - __main__ - WARNING - Base file not found: /Users/piccoletto/Desktop/Everything/pisa/tesi/Sustainable-Code-Refactoring-with-LLMs/src/execution_outputs/find_peak_element_results_5.json
2025-11-17 13:07:34,060 - __main__ - WARNING - Base file not found: /Users/piccoletto/Desktop/Everything/pisa/tesi/Sustainable-Code-Refactoring-with-LLMs/src/execution_outputs/title_case_results_1.json
2025-11-17 13:07:34,060 - __main__ - WARNING - Base file not found: /Users/piccoletto/Desktop/Everything/pisa/tesi/Sustainable-Code-Refactoring-with-LLMs/src/execution_outputs/title_case_results_2.json
2025-11-17 13:07:34,060 - __main__ - WARNING - Base file not found: /Users/piccoletto/Desktop/Everything/pisa/tesi/Sustainable-Code-Refactoring-with-LLMs/src/execution_outputs/title_case_results_3.json
2025-11-17 13:07:34,060 - __main__ - WARNING - Base file not found: /Users/piccoletto/Desktop/Everything/pisa/tesi/Sustainable-Code-Refactoring-with-LLMs/src/execution_outputs/title_case_results_4.json
2025-11-17 13:07:34,060 - __main__ - WARNING - Base file not found: /Users/piccoletto/Desktop/Everything/pisa/tesi/Sustainable-Code-Refactoring-with-LLMs/src/execution_outputs/title_case_results_5.json
2025-11-17 13:07:34,128 - __main__ - WARNING - Base file not found: /Users/piccoletto/Desktop/Everything/pisa/tesi/Sustainable-Code-Refactoring-with-LLMs/src/execution_outputs/zipper_results_1.json
2025-11-17 13:07:34,128 - __main__ - WARNING - Base file not found: /Users/piccoletto/Desktop/Everything/pisa/tesi/Sustainable-Code-Refactoring-with-LLMs/src/execution_outputs/zipper_results_2.json
2025-11-17 13:07:34,128 - __main__ - WARNING - Base file not found: /Users/piccoletto/Desktop/Everything/pisa/tesi/Sustainable-Code-Refactoring-with-LLMs/src/execution_outputs/zipper_results_3.json
2025-11-17 13:07:34,128 - __main__ - WARNING - Base file not found: /Users/piccoletto/Desktop/Everything/pisa/tesi/Sustainable-Code-Refactoring-with-LLMs/src/execution_outputs/zipper_results_4.json
2025-11-17 13:07:34,128 - __main__ - WARNING - Base file not found: /Users/piccoletto/Desktop/Everything/pisa/tesi/Sustainable-Code-Refactoring-with-LLMs/src/execution_outputs/zipper_results_5.json
2025-11-17 13:07:34,291 - __main__ - INFO - Loaded raw executions: 1563 base entries, 14916 LLM entries
2025-11-17 13:07:34,408 - __main__ - INFO - Aggregated entries: 1563 base, 14916 LLM
2025-11-17 13:07:34,414 - __main__ - INFO - Valid entries loaded: 1563 base, 14916 LLM
2025-11-17 13:07:34,414 - __main__ - INFO - 
[STEP 3] Calculating energy and carbon metrics...
2025-11-17 13:07:34,414 - __main__ - INFO - Calculating energy and carbon for all entries...
2025-11-17 13:07:34,415 - __main__ - INFO - Calculated energy/carbon for 1563 base entries
2025-11-17 13:07:34,427 - __main__ - INFO - Calculated energy/carbon for 14916 LLM entries
2025-11-17 13:07:34,427 - __main__ - WARNING - Skipped improvement calculation for 1536 LLM entries (no matching base)
2025-11-17 13:07:34,427 - __main__ - INFO - Sample base entry: 4.42 J, 0.0005 gCO2eq
2025-11-17 13:07:34,427 - __main__ - INFO - 
[STEP 4] Generating aggregate statistics...
2025-11-17 13:07:34,427 - __main__ - INFO - Generating aggregate statistics...
2025-11-17 13:07:34,463 - __main__ - INFO - Aggregate statistics generation completed
2025-11-17 13:07:34,464 - __main__ - INFO - 
Global Statistics:
2025-11-17 13:07:34,464 - __main__ - INFO -   Base Energy: 259.77 J (mean)
2025-11-17 13:07:34,464 - __main__ - INFO -   LLM Energy: 136.63 J (mean)
2025-11-17 13:07:34,464 - __main__ - INFO -   Energy Improvement: 1923.83%
2025-11-17 13:07:34,464 - __main__ - INFO -   Carbon Improvement: 1923.83%
2025-11-17 13:07:34,464 - __main__ - INFO - 
[STEP 5] Saving statistics to JSON...
2025-11-17 13:07:34,553 - __main__ - INFO - Statistics saved to: /Users/piccoletto/Desktop/Everything/pisa/tesi/Sustainable-Code-Refactoring-with-LLMs/src/metrics/energy_improvements/energy_carbon_stats.json
2025-11-17 13:07:34,553 - __main__ - INFO - 
[STEP 6] Generating visualizations...
2025-11-17 13:07:35,201 - energy_visualizator - INFO - EnergyCarbonStatsVisualizator initialized. Output dir: /Users/piccoletto/Desktop/Everything/pisa/tesi/Sustainable-Code-Refactoring-with-LLMs/src/metrics/energy_improvements/plots
2025-11-17 13:07:35,201 - energy_visualizator - INFO - ============================================================
2025-11-17 13:07:35,201 - energy_visualizator - INFO - GENERATING ALL PLOTS
2025-11-17 13:07:35,201 - energy_visualizator - INFO - ============================================================
2025-11-17 13:07:35,201 - energy_visualizator - INFO - Generating energy distribution box plot...
2025-11-17 13:07:35,588 - energy_visualizator - INFO - Energy distribution box plot saved to: /Users/piccoletto/Desktop/Everything/pisa/tesi/Sustainable-Code-Refactoring-with-LLMs/src/metrics/energy_improvements/plots/energy_distribution_boxplot.png
2025-11-17 13:07:35,588 - energy_visualizator - INFO - Generating carbon distribution box plot...
2025-11-17 13:07:35,793 - energy_visualizator - INFO - Carbon distribution box plot saved to: /Users/piccoletto/Desktop/Everything/pisa/tesi/Sustainable-Code-Refactoring-with-LLMs/src/metrics/energy_improvements/plots/carbon_distribution_boxplot.png
2025-11-17 13:07:35,794 - energy_visualizator - INFO - Generating energy by prompt version bar plot...
2025-11-17 13:07:35,901 - energy_visualizator - INFO - Energy by prompt version bar plot saved to: /Users/piccoletto/Desktop/Everything/pisa/tesi/Sustainable-Code-Refactoring-with-LLMs/src/metrics/energy_improvements/plots/energy_by_prompt_version_barplot.png
2025-11-17 13:07:35,901 - energy_visualizator - INFO - Generating carbon by prompt version bar plot...
2025-11-17 13:07:36,005 - energy_visualizator - INFO - Carbon by prompt version bar plot saved to: /Users/piccoletto/Desktop/Everything/pisa/tesi/Sustainable-Code-Refactoring-with-LLMs/src/metrics/energy_improvements/plots/carbon_by_prompt_version_barplot.png
2025-11-17 13:07:36,005 - energy_visualizator - INFO - Generating energy by model bar plot...
2025-11-17 13:07:36,106 - energy_visualizator - INFO - Energy by model bar plot saved to: /Users/piccoletto/Desktop/Everything/pisa/tesi/Sustainable-Code-Refactoring-with-LLMs/src/metrics/energy_improvements/plots/energy_by_model_barplot.png
2025-11-17 13:07:36,106 - energy_visualizator - INFO - Generating carbon by model bar plot...
2025-11-17 13:07:36,217 - energy_visualizator - INFO - Carbon by model bar plot saved to: /Users/piccoletto/Desktop/Everything/pisa/tesi/Sustainable-Code-Refactoring-with-LLMs/src/metrics/energy_improvements/plots/carbon_by_model_barplot.png
2025-11-17 13:07:36,217 - energy_visualizator - INFO - Generating energy by language box plot...
2025-11-17 13:07:36,352 - energy_visualizator - INFO - Energy by language box plot saved to: /Users/piccoletto/Desktop/Everything/pisa/tesi/Sustainable-Code-Refactoring-with-LLMs/src/metrics/energy_improvements/plots/energy_by_language_boxplot.png
2025-11-17 13:07:36,352 - energy_visualizator - INFO - Generating carbon by language box plot...
2025-11-17 13:07:36,482 - energy_visualizator - INFO - Carbon by language box plot saved to: /Users/piccoletto/Desktop/Everything/pisa/tesi/Sustainable-Code-Refactoring-with-LLMs/src/metrics/energy_improvements/plots/carbon_by_language_boxplot.png
2025-11-17 13:07:36,482 - energy_visualizator - INFO - ============================================================
2025-11-17 13:07:36,482 - energy_visualizator - INFO - ALL PLOTS GENERATED SUCCESSFULLY (8 plots)
2025-11-17 13:07:36,482 - energy_visualizator - INFO - ============================================================
2025-11-17 13:07:36,483 - __main__ - INFO - 
Generated 8 plots:
2025-11-17 13:07:36,483 - __main__ - INFO -   - /Users/piccoletto/Desktop/Everything/pisa/tesi/Sustainable-Code-Refactoring-with-LLMs/src/metrics/energy_improvements/plots/energy_distribution_boxplot.png
2025-11-17 13:07:36,483 - __main__ - INFO -   - /Users/piccoletto/Desktop/Everything/pisa/tesi/Sustainable-Code-Refactoring-with-LLMs/src/metrics/energy_improvements/plots/carbon_distribution_boxplot.png
2025-11-17 13:07:36,483 - __main__ - INFO -   - /Users/piccoletto/Desktop/Everything/pisa/tesi/Sustainable-Code-Refactoring-with-LLMs/src/metrics/energy_improvements/plots/energy_by_prompt_version_barplot.png
2025-11-17 13:07:36,483 - __main__ - INFO -   - /Users/piccoletto/Desktop/Everything/pisa/tesi/Sustainable-Code-Refactoring-with-LLMs/src/metrics/energy_improvements/plots/carbon_by_prompt_version_barplot.png
2025-11-17 13:07:36,483 - __main__ - INFO -   - /Users/piccoletto/Desktop/Everything/pisa/tesi/Sustainable-Code-Refactoring-with-LLMs/src/metrics/energy_improvements/plots/energy_by_model_barplot.png
2025-11-17 13:07:36,483 - __main__ - INFO -   - /Users/piccoletto/Desktop/Everything/pisa/tesi/Sustainable-Code-Refactoring-with-LLMs/src/metrics/energy_improvements/plots/carbon_by_model_barplot.png
2025-11-17 13:07:36,483 - __main__ - INFO -   - /Users/piccoletto/Desktop/Everything/pisa/tesi/Sustainable-Code-Refactoring-with-LLMs/src/metrics/energy_improvements/plots/energy_by_language_boxplot.png
2025-11-17 13:07:36,483 - __main__ - INFO -   - /Users/piccoletto/Desktop/Everything/pisa/tesi/Sustainable-Code-Refactoring-with-LLMs/src/metrics/energy_improvements/plots/carbon_by_language_boxplot.png
2025-11-17 13:07:36,483 - __main__ - INFO - 
Generating summary report...
2025-11-17 13:07:36,483 - energy_visualizator - INFO - Generating summary report...
2025-11-17 13:07:36,483 - energy_visualizator - INFO - Summary report saved to: /Users/piccoletto/Desktop/Everything/pisa/tesi/Sustainable-Code-Refactoring-with-LLMs/src/metrics/energy_improvements/plots/energy_carbon_summary.md
2025-11-17 13:07:36,483 - __main__ - INFO - Summary report saved to: /Users/piccoletto/Desktop/Everything/pisa/tesi/Sustainable-Code-Refactoring-with-LLMs/src/metrics/energy_improvements/plots/energy_carbon_summary.md
2025-11-17 13:07:36,483 - __main__ - INFO - 
================================================================================
2025-11-17 13:07:36,483 - __main__ - INFO - ENERGY AND CARBON ANALYSIS - COMPLETED SUCCESSFULLY
2025-11-17 13:07:36,483 - __main__ - INFO - ================================================================================
[0;32m[SUCCESS][0m Energy and carbon plots generated
[0;34m[INFO][0m [5/8] Generating fixed prompt analysis (v1 and v4)...
2025-11-17 13:07:37,675 - __main__ - INFO - Starting Fixed Prompt Analysis
2025-11-17 13:07:37,675 - __main__ - INFO - FixedPromptAnalyzer initialized. Output: /Users/piccoletto/Desktop/Everything/pisa/tesi/Sustainable-Code-Refactoring-with-LLMs/src/metrics/fixed_prompt_plots
2025-11-17 13:07:37,675 - __main__ - INFO - ================================================================================
2025-11-17 13:07:37,675 - __main__ - INFO - Starting Fixed Prompt Analysis Plot Generation
2025-11-17 13:07:37,675 - __main__ - INFO - ================================================================================
2025-11-17 13:07:37,675 - __main__ - INFO - Loading improvement data from clusters...
2025-11-17 13:07:37,675 - __main__ - INFO - Found 242 cluster improvement files
2025-11-17 13:07:39,446 - __main__ - INFO - Loaded pass_rate data from execution files
2025-11-17 13:07:39,446 - __main__ - INFO - Loaded improvement data for 4 prompt versions
2025-11-17 13:07:39,447 - __main__ - INFO - 
Generating plots for prompt_v1...
/Users/piccoletto/Desktop/Everything/pisa/tesi/Sustainable-Code-Refactoring-with-LLMs/src/metrics/fixed_prompt_analysis.py:330: MatplotlibDeprecationWarning: The 'labels' parameter of boxplot() has been renamed 'tick_labels' since Matplotlib 3.9; support for the old name will be dropped in 3.11.
  bp = ax.boxplot(plot_data, labels=labels, patch_artist=True,
2025-11-17 13:07:39,665 - __main__ - INFO -   Saved: openAI_vv1_improvements_by_language_CPU_usage.png
/Users/piccoletto/Desktop/Everything/pisa/tesi/Sustainable-Code-Refactoring-with-LLMs/src/metrics/fixed_prompt_analysis.py:330: MatplotlibDeprecationWarning: The 'labels' parameter of boxplot() has been renamed 'tick_labels' since Matplotlib 3.9; support for the old name will be dropped in 3.11.
  bp = ax.boxplot(plot_data, labels=labels, patch_artist=True,
2025-11-17 13:07:39,792 - __main__ - INFO -   Saved: openAI_vv1_improvements_by_language_RAM_usage.png
/Users/piccoletto/Desktop/Everything/pisa/tesi/Sustainable-Code-Refactoring-with-LLMs/src/metrics/fixed_prompt_analysis.py:330: MatplotlibDeprecationWarning: The 'labels' parameter of boxplot() has been renamed 'tick_labels' since Matplotlib 3.9; support for the old name will be dropped in 3.11.
  bp = ax.boxplot(plot_data, labels=labels, patch_artist=True,
2025-11-17 13:07:39,919 - __main__ - INFO -   Saved: openAI_vv1_improvements_by_language_execution_time_ms.png
/Users/piccoletto/Desktop/Everything/pisa/tesi/Sustainable-Code-Refactoring-with-LLMs/src/metrics/fixed_prompt_analysis.py:330: MatplotlibDeprecationWarning: The 'labels' parameter of boxplot() has been renamed 'tick_labels' since Matplotlib 3.9; support for the old name will be dropped in 3.11.
  bp = ax.boxplot(plot_data, labels=labels, patch_artist=True,
2025-11-17 13:07:40,047 - __main__ - INFO -   Saved: openAI_vv1_improvements_by_language_energy_joules.png
2025-11-17 13:07:40,212 - __main__ - INFO -   Saved: openAI_vv1_improvements_by_language_pass_rate.png
/Users/piccoletto/Desktop/Everything/pisa/tesi/Sustainable-Code-Refactoring-with-LLMs/src/metrics/fixed_prompt_analysis.py:330: MatplotlibDeprecationWarning: The 'labels' parameter of boxplot() has been renamed 'tick_labels' since Matplotlib 3.9; support for the old name will be dropped in 3.11.
  bp = ax.boxplot(plot_data, labels=labels, patch_artist=True,
2025-11-17 13:07:40,339 - __main__ - INFO -   Saved: gemini_vv1_improvements_by_language_CPU_usage.png
/Users/piccoletto/Desktop/Everything/pisa/tesi/Sustainable-Code-Refactoring-with-LLMs/src/metrics/fixed_prompt_analysis.py:330: MatplotlibDeprecationWarning: The 'labels' parameter of boxplot() has been renamed 'tick_labels' since Matplotlib 3.9; support for the old name will be dropped in 3.11.
  bp = ax.boxplot(plot_data, labels=labels, patch_artist=True,
2025-11-17 13:07:40,464 - __main__ - INFO -   Saved: gemini_vv1_improvements_by_language_RAM_usage.png
/Users/piccoletto/Desktop/Everything/pisa/tesi/Sustainable-Code-Refactoring-with-LLMs/src/metrics/fixed_prompt_analysis.py:330: MatplotlibDeprecationWarning: The 'labels' parameter of boxplot() has been renamed 'tick_labels' since Matplotlib 3.9; support for the old name will be dropped in 3.11.
  bp = ax.boxplot(plot_data, labels=labels, patch_artist=True,
2025-11-17 13:07:40,592 - __main__ - INFO -   Saved: gemini_vv1_improvements_by_language_execution_time_ms.png
/Users/piccoletto/Desktop/Everything/pisa/tesi/Sustainable-Code-Refactoring-with-LLMs/src/metrics/fixed_prompt_analysis.py:330: MatplotlibDeprecationWarning: The 'labels' parameter of boxplot() has been renamed 'tick_labels' since Matplotlib 3.9; support for the old name will be dropped in 3.11.
  bp = ax.boxplot(plot_data, labels=labels, patch_artist=True,
2025-11-17 13:07:40,721 - __main__ - INFO -   Saved: gemini_vv1_improvements_by_language_energy_joules.png
2025-11-17 13:07:40,879 - __main__ - INFO -   Saved: gemini_vv1_improvements_by_language_pass_rate.png
/Users/piccoletto/Desktop/Everything/pisa/tesi/Sustainable-Code-Refactoring-with-LLMs/src/metrics/fixed_prompt_analysis.py:330: MatplotlibDeprecationWarning: The 'labels' parameter of boxplot() has been renamed 'tick_labels' since Matplotlib 3.9; support for the old name will be dropped in 3.11.
  bp = ax.boxplot(plot_data, labels=labels, patch_artist=True,
2025-11-17 13:07:41,005 - __main__ - INFO -   Saved: claude_vv1_improvements_by_language_CPU_usage.png
/Users/piccoletto/Desktop/Everything/pisa/tesi/Sustainable-Code-Refactoring-with-LLMs/src/metrics/fixed_prompt_analysis.py:330: MatplotlibDeprecationWarning: The 'labels' parameter of boxplot() has been renamed 'tick_labels' since Matplotlib 3.9; support for the old name will be dropped in 3.11.
  bp = ax.boxplot(plot_data, labels=labels, patch_artist=True,
2025-11-17 13:07:41,156 - __main__ - INFO -   Saved: claude_vv1_improvements_by_language_RAM_usage.png
/Users/piccoletto/Desktop/Everything/pisa/tesi/Sustainable-Code-Refactoring-with-LLMs/src/metrics/fixed_prompt_analysis.py:330: MatplotlibDeprecationWarning: The 'labels' parameter of boxplot() has been renamed 'tick_labels' since Matplotlib 3.9; support for the old name will be dropped in 3.11.
  bp = ax.boxplot(plot_data, labels=labels, patch_artist=True,
2025-11-17 13:07:41,283 - __main__ - INFO -   Saved: claude_vv1_improvements_by_language_execution_time_ms.png
/Users/piccoletto/Desktop/Everything/pisa/tesi/Sustainable-Code-Refactoring-with-LLMs/src/metrics/fixed_prompt_analysis.py:330: MatplotlibDeprecationWarning: The 'labels' parameter of boxplot() has been renamed 'tick_labels' since Matplotlib 3.9; support for the old name will be dropped in 3.11.
  bp = ax.boxplot(plot_data, labels=labels, patch_artist=True,
2025-11-17 13:07:41,409 - __main__ - INFO -   Saved: claude_vv1_improvements_by_language_energy_joules.png
2025-11-17 13:07:41,563 - __main__ - INFO -   Saved: claude_vv1_improvements_by_language_pass_rate.png
2025-11-17 13:07:41,563 - __main__ - INFO - 
Generating plots for prompt_v4...
/Users/piccoletto/Desktop/Everything/pisa/tesi/Sustainable-Code-Refactoring-with-LLMs/src/metrics/fixed_prompt_analysis.py:330: MatplotlibDeprecationWarning: The 'labels' parameter of boxplot() has been renamed 'tick_labels' since Matplotlib 3.9; support for the old name will be dropped in 3.11.
  bp = ax.boxplot(plot_data, labels=labels, patch_artist=True,
2025-11-17 13:07:41,696 - __main__ - INFO -   Saved: openAI_vv4_improvements_by_language_CPU_usage.png
/Users/piccoletto/Desktop/Everything/pisa/tesi/Sustainable-Code-Refactoring-with-LLMs/src/metrics/fixed_prompt_analysis.py:330: MatplotlibDeprecationWarning: The 'labels' parameter of boxplot() has been renamed 'tick_labels' since Matplotlib 3.9; support for the old name will be dropped in 3.11.
  bp = ax.boxplot(plot_data, labels=labels, patch_artist=True,
2025-11-17 13:07:41,818 - __main__ - INFO -   Saved: openAI_vv4_improvements_by_language_RAM_usage.png
/Users/piccoletto/Desktop/Everything/pisa/tesi/Sustainable-Code-Refactoring-with-LLMs/src/metrics/fixed_prompt_analysis.py:330: MatplotlibDeprecationWarning: The 'labels' parameter of boxplot() has been renamed 'tick_labels' since Matplotlib 3.9; support for the old name will be dropped in 3.11.
  bp = ax.boxplot(plot_data, labels=labels, patch_artist=True,
2025-11-17 13:07:41,950 - __main__ - INFO -   Saved: openAI_vv4_improvements_by_language_execution_time_ms.png
/Users/piccoletto/Desktop/Everything/pisa/tesi/Sustainable-Code-Refactoring-with-LLMs/src/metrics/fixed_prompt_analysis.py:330: MatplotlibDeprecationWarning: The 'labels' parameter of boxplot() has been renamed 'tick_labels' since Matplotlib 3.9; support for the old name will be dropped in 3.11.
  bp = ax.boxplot(plot_data, labels=labels, patch_artist=True,
2025-11-17 13:07:42,085 - __main__ - INFO -   Saved: openAI_vv4_improvements_by_language_energy_joules.png
2025-11-17 13:07:42,239 - __main__ - INFO -   Saved: openAI_vv4_improvements_by_language_pass_rate.png
/Users/piccoletto/Desktop/Everything/pisa/tesi/Sustainable-Code-Refactoring-with-LLMs/src/metrics/fixed_prompt_analysis.py:330: MatplotlibDeprecationWarning: The 'labels' parameter of boxplot() has been renamed 'tick_labels' since Matplotlib 3.9; support for the old name will be dropped in 3.11.
  bp = ax.boxplot(plot_data, labels=labels, patch_artist=True,
2025-11-17 13:07:42,368 - __main__ - INFO -   Saved: gemini_vv4_improvements_by_language_CPU_usage.png
/Users/piccoletto/Desktop/Everything/pisa/tesi/Sustainable-Code-Refactoring-with-LLMs/src/metrics/fixed_prompt_analysis.py:330: MatplotlibDeprecationWarning: The 'labels' parameter of boxplot() has been renamed 'tick_labels' since Matplotlib 3.9; support for the old name will be dropped in 3.11.
  bp = ax.boxplot(plot_data, labels=labels, patch_artist=True,
2025-11-17 13:07:42,492 - __main__ - INFO -   Saved: gemini_vv4_improvements_by_language_RAM_usage.png
/Users/piccoletto/Desktop/Everything/pisa/tesi/Sustainable-Code-Refactoring-with-LLMs/src/metrics/fixed_prompt_analysis.py:330: MatplotlibDeprecationWarning: The 'labels' parameter of boxplot() has been renamed 'tick_labels' since Matplotlib 3.9; support for the old name will be dropped in 3.11.
  bp = ax.boxplot(plot_data, labels=labels, patch_artist=True,
2025-11-17 13:07:42,623 - __main__ - INFO -   Saved: gemini_vv4_improvements_by_language_execution_time_ms.png
/Users/piccoletto/Desktop/Everything/pisa/tesi/Sustainable-Code-Refactoring-with-LLMs/src/metrics/fixed_prompt_analysis.py:330: MatplotlibDeprecationWarning: The 'labels' parameter of boxplot() has been renamed 'tick_labels' since Matplotlib 3.9; support for the old name will be dropped in 3.11.
  bp = ax.boxplot(plot_data, labels=labels, patch_artist=True,
2025-11-17 13:07:42,781 - __main__ - INFO -   Saved: gemini_vv4_improvements_by_language_energy_joules.png
2025-11-17 13:07:42,933 - __main__ - INFO -   Saved: gemini_vv4_improvements_by_language_pass_rate.png
/Users/piccoletto/Desktop/Everything/pisa/tesi/Sustainable-Code-Refactoring-with-LLMs/src/metrics/fixed_prompt_analysis.py:330: MatplotlibDeprecationWarning: The 'labels' parameter of boxplot() has been renamed 'tick_labels' since Matplotlib 3.9; support for the old name will be dropped in 3.11.
  bp = ax.boxplot(plot_data, labels=labels, patch_artist=True,
2025-11-17 13:07:43,061 - __main__ - INFO -   Saved: claude_vv4_improvements_by_language_CPU_usage.png
/Users/piccoletto/Desktop/Everything/pisa/tesi/Sustainable-Code-Refactoring-with-LLMs/src/metrics/fixed_prompt_analysis.py:330: MatplotlibDeprecationWarning: The 'labels' parameter of boxplot() has been renamed 'tick_labels' since Matplotlib 3.9; support for the old name will be dropped in 3.11.
  bp = ax.boxplot(plot_data, labels=labels, patch_artist=True,
2025-11-17 13:07:43,183 - __main__ - INFO -   Saved: claude_vv4_improvements_by_language_RAM_usage.png
/Users/piccoletto/Desktop/Everything/pisa/tesi/Sustainable-Code-Refactoring-with-LLMs/src/metrics/fixed_prompt_analysis.py:330: MatplotlibDeprecationWarning: The 'labels' parameter of boxplot() has been renamed 'tick_labels' since Matplotlib 3.9; support for the old name will be dropped in 3.11.
  bp = ax.boxplot(plot_data, labels=labels, patch_artist=True,
2025-11-17 13:07:43,311 - __main__ - INFO -   Saved: claude_vv4_improvements_by_language_execution_time_ms.png
/Users/piccoletto/Desktop/Everything/pisa/tesi/Sustainable-Code-Refactoring-with-LLMs/src/metrics/fixed_prompt_analysis.py:330: MatplotlibDeprecationWarning: The 'labels' parameter of boxplot() has been renamed 'tick_labels' since Matplotlib 3.9; support for the old name will be dropped in 3.11.
  bp = ax.boxplot(plot_data, labels=labels, patch_artist=True,
2025-11-17 13:07:43,444 - __main__ - INFO -   Saved: claude_vv4_improvements_by_language_energy_joules.png
2025-11-17 13:07:43,596 - __main__ - INFO -   Saved: claude_vv4_improvements_by_language_pass_rate.png
2025-11-17 13:07:43,596 - __main__ - INFO - 
Generating comparative plots (v1 vs v4)...
/Users/piccoletto/Desktop/Everything/pisa/tesi/Sustainable-Code-Refactoring-with-LLMs/src/metrics/fixed_prompt_analysis.py:586: MatplotlibDeprecationWarning: The 'labels' parameter of boxplot() has been renamed 'tick_labels' since Matplotlib 3.9; support for the old name will be dropped in 3.11.
  bp = ax.boxplot(plot_data, labels=labels, patch_artist=True,
/Users/piccoletto/Desktop/Everything/pisa/tesi/Sustainable-Code-Refactoring-with-LLMs/src/metrics/fixed_prompt_analysis.py:586: MatplotlibDeprecationWarning: The 'labels' parameter of boxplot() has been renamed 'tick_labels' since Matplotlib 3.9; support for the old name will be dropped in 3.11.
  bp = ax.boxplot(plot_data, labels=labels, patch_artist=True,
2025-11-17 13:07:43,813 - __main__ - INFO -   Saved: openAI_v1_vs_v4_CPU_usage_comparison.png
/Users/piccoletto/Desktop/Everything/pisa/tesi/Sustainable-Code-Refactoring-with-LLMs/src/metrics/fixed_prompt_analysis.py:586: MatplotlibDeprecationWarning: The 'labels' parameter of boxplot() has been renamed 'tick_labels' since Matplotlib 3.9; support for the old name will be dropped in 3.11.
  bp = ax.boxplot(plot_data, labels=labels, patch_artist=True,
/Users/piccoletto/Desktop/Everything/pisa/tesi/Sustainable-Code-Refactoring-with-LLMs/src/metrics/fixed_prompt_analysis.py:586: MatplotlibDeprecationWarning: The 'labels' parameter of boxplot() has been renamed 'tick_labels' since Matplotlib 3.9; support for the old name will be dropped in 3.11.
  bp = ax.boxplot(plot_data, labels=labels, patch_artist=True,
2025-11-17 13:07:44,007 - __main__ - INFO -   Saved: openAI_v1_vs_v4_RAM_usage_comparison.png
/Users/piccoletto/Desktop/Everything/pisa/tesi/Sustainable-Code-Refactoring-with-LLMs/src/metrics/fixed_prompt_analysis.py:586: MatplotlibDeprecationWarning: The 'labels' parameter of boxplot() has been renamed 'tick_labels' since Matplotlib 3.9; support for the old name will be dropped in 3.11.
  bp = ax.boxplot(plot_data, labels=labels, patch_artist=True,
/Users/piccoletto/Desktop/Everything/pisa/tesi/Sustainable-Code-Refactoring-with-LLMs/src/metrics/fixed_prompt_analysis.py:586: MatplotlibDeprecationWarning: The 'labels' parameter of boxplot() has been renamed 'tick_labels' since Matplotlib 3.9; support for the old name will be dropped in 3.11.
  bp = ax.boxplot(plot_data, labels=labels, patch_artist=True,
2025-11-17 13:07:44,232 - __main__ - INFO -   Saved: openAI_v1_vs_v4_execution_time_ms_comparison.png
/Users/piccoletto/Desktop/Everything/pisa/tesi/Sustainable-Code-Refactoring-with-LLMs/src/metrics/fixed_prompt_analysis.py:586: MatplotlibDeprecationWarning: The 'labels' parameter of boxplot() has been renamed 'tick_labels' since Matplotlib 3.9; support for the old name will be dropped in 3.11.
  bp = ax.boxplot(plot_data, labels=labels, patch_artist=True,
/Users/piccoletto/Desktop/Everything/pisa/tesi/Sustainable-Code-Refactoring-with-LLMs/src/metrics/fixed_prompt_analysis.py:586: MatplotlibDeprecationWarning: The 'labels' parameter of boxplot() has been renamed 'tick_labels' since Matplotlib 3.9; support for the old name will be dropped in 3.11.
  bp = ax.boxplot(plot_data, labels=labels, patch_artist=True,
2025-11-17 13:07:44,427 - __main__ - INFO -   Saved: openAI_v1_vs_v4_energy_joules_comparison.png
2025-11-17 13:07:44,689 - __main__ - INFO -   Saved: openAI_v1_vs_v4_pass_rate_comparison.png
/Users/piccoletto/Desktop/Everything/pisa/tesi/Sustainable-Code-Refactoring-with-LLMs/src/metrics/fixed_prompt_analysis.py:586: MatplotlibDeprecationWarning: The 'labels' parameter of boxplot() has been renamed 'tick_labels' since Matplotlib 3.9; support for the old name will be dropped in 3.11.
  bp = ax.boxplot(plot_data, labels=labels, patch_artist=True,
/Users/piccoletto/Desktop/Everything/pisa/tesi/Sustainable-Code-Refactoring-with-LLMs/src/metrics/fixed_prompt_analysis.py:586: MatplotlibDeprecationWarning: The 'labels' parameter of boxplot() has been renamed 'tick_labels' since Matplotlib 3.9; support for the old name will be dropped in 3.11.
  bp = ax.boxplot(plot_data, labels=labels, patch_artist=True,
2025-11-17 13:07:44,883 - __main__ - INFO -   Saved: gemini_v1_vs_v4_CPU_usage_comparison.png
/Users/piccoletto/Desktop/Everything/pisa/tesi/Sustainable-Code-Refactoring-with-LLMs/src/metrics/fixed_prompt_analysis.py:586: MatplotlibDeprecationWarning: The 'labels' parameter of boxplot() has been renamed 'tick_labels' since Matplotlib 3.9; support for the old name will be dropped in 3.11.
  bp = ax.boxplot(plot_data, labels=labels, patch_artist=True,
/Users/piccoletto/Desktop/Everything/pisa/tesi/Sustainable-Code-Refactoring-with-LLMs/src/metrics/fixed_prompt_analysis.py:586: MatplotlibDeprecationWarning: The 'labels' parameter of boxplot() has been renamed 'tick_labels' since Matplotlib 3.9; support for the old name will be dropped in 3.11.
  bp = ax.boxplot(plot_data, labels=labels, patch_artist=True,
2025-11-17 13:07:45,070 - __main__ - INFO -   Saved: gemini_v1_vs_v4_RAM_usage_comparison.png
/Users/piccoletto/Desktop/Everything/pisa/tesi/Sustainable-Code-Refactoring-with-LLMs/src/metrics/fixed_prompt_analysis.py:586: MatplotlibDeprecationWarning: The 'labels' parameter of boxplot() has been renamed 'tick_labels' since Matplotlib 3.9; support for the old name will be dropped in 3.11.
  bp = ax.boxplot(plot_data, labels=labels, patch_artist=True,
/Users/piccoletto/Desktop/Everything/pisa/tesi/Sustainable-Code-Refactoring-with-LLMs/src/metrics/fixed_prompt_analysis.py:586: MatplotlibDeprecationWarning: The 'labels' parameter of boxplot() has been renamed 'tick_labels' since Matplotlib 3.9; support for the old name will be dropped in 3.11.
  bp = ax.boxplot(plot_data, labels=labels, patch_artist=True,
2025-11-17 13:07:45,275 - __main__ - INFO -   Saved: gemini_v1_vs_v4_execution_time_ms_comparison.png
/Users/piccoletto/Desktop/Everything/pisa/tesi/Sustainable-Code-Refactoring-with-LLMs/src/metrics/fixed_prompt_analysis.py:586: MatplotlibDeprecationWarning: The 'labels' parameter of boxplot() has been renamed 'tick_labels' since Matplotlib 3.9; support for the old name will be dropped in 3.11.
  bp = ax.boxplot(plot_data, labels=labels, patch_artist=True,
/Users/piccoletto/Desktop/Everything/pisa/tesi/Sustainable-Code-Refactoring-with-LLMs/src/metrics/fixed_prompt_analysis.py:586: MatplotlibDeprecationWarning: The 'labels' parameter of boxplot() has been renamed 'tick_labels' since Matplotlib 3.9; support for the old name will be dropped in 3.11.
  bp = ax.boxplot(plot_data, labels=labels, patch_artist=True,
2025-11-17 13:07:45,480 - __main__ - INFO -   Saved: gemini_v1_vs_v4_energy_joules_comparison.png
2025-11-17 13:07:45,763 - __main__ - INFO -   Saved: gemini_v1_vs_v4_pass_rate_comparison.png
/Users/piccoletto/Desktop/Everything/pisa/tesi/Sustainable-Code-Refactoring-with-LLMs/src/metrics/fixed_prompt_analysis.py:586: MatplotlibDeprecationWarning: The 'labels' parameter of boxplot() has been renamed 'tick_labels' since Matplotlib 3.9; support for the old name will be dropped in 3.11.
  bp = ax.boxplot(plot_data, labels=labels, patch_artist=True,
/Users/piccoletto/Desktop/Everything/pisa/tesi/Sustainable-Code-Refactoring-with-LLMs/src/metrics/fixed_prompt_analysis.py:586: MatplotlibDeprecationWarning: The 'labels' parameter of boxplot() has been renamed 'tick_labels' since Matplotlib 3.9; support for the old name will be dropped in 3.11.
  bp = ax.boxplot(plot_data, labels=labels, patch_artist=True,
2025-11-17 13:07:45,954 - __main__ - INFO -   Saved: claude_v1_vs_v4_CPU_usage_comparison.png
/Users/piccoletto/Desktop/Everything/pisa/tesi/Sustainable-Code-Refactoring-with-LLMs/src/metrics/fixed_prompt_analysis.py:586: MatplotlibDeprecationWarning: The 'labels' parameter of boxplot() has been renamed 'tick_labels' since Matplotlib 3.9; support for the old name will be dropped in 3.11.
  bp = ax.boxplot(plot_data, labels=labels, patch_artist=True,
/Users/piccoletto/Desktop/Everything/pisa/tesi/Sustainable-Code-Refactoring-with-LLMs/src/metrics/fixed_prompt_analysis.py:586: MatplotlibDeprecationWarning: The 'labels' parameter of boxplot() has been renamed 'tick_labels' since Matplotlib 3.9; support for the old name will be dropped in 3.11.
  bp = ax.boxplot(plot_data, labels=labels, patch_artist=True,
2025-11-17 13:07:46,138 - __main__ - INFO -   Saved: claude_v1_vs_v4_RAM_usage_comparison.png
/Users/piccoletto/Desktop/Everything/pisa/tesi/Sustainable-Code-Refactoring-with-LLMs/src/metrics/fixed_prompt_analysis.py:586: MatplotlibDeprecationWarning: The 'labels' parameter of boxplot() has been renamed 'tick_labels' since Matplotlib 3.9; support for the old name will be dropped in 3.11.
  bp = ax.boxplot(plot_data, labels=labels, patch_artist=True,
/Users/piccoletto/Desktop/Everything/pisa/tesi/Sustainable-Code-Refactoring-with-LLMs/src/metrics/fixed_prompt_analysis.py:586: MatplotlibDeprecationWarning: The 'labels' parameter of boxplot() has been renamed 'tick_labels' since Matplotlib 3.9; support for the old name will be dropped in 3.11.
  bp = ax.boxplot(plot_data, labels=labels, patch_artist=True,
2025-11-17 13:07:46,334 - __main__ - INFO -   Saved: claude_v1_vs_v4_execution_time_ms_comparison.png
/Users/piccoletto/Desktop/Everything/pisa/tesi/Sustainable-Code-Refactoring-with-LLMs/src/metrics/fixed_prompt_analysis.py:586: MatplotlibDeprecationWarning: The 'labels' parameter of boxplot() has been renamed 'tick_labels' since Matplotlib 3.9; support for the old name will be dropped in 3.11.
  bp = ax.boxplot(plot_data, labels=labels, patch_artist=True,
/Users/piccoletto/Desktop/Everything/pisa/tesi/Sustainable-Code-Refactoring-with-LLMs/src/metrics/fixed_prompt_analysis.py:586: MatplotlibDeprecationWarning: The 'labels' parameter of boxplot() has been renamed 'tick_labels' since Matplotlib 3.9; support for the old name will be dropped in 3.11.
  bp = ax.boxplot(plot_data, labels=labels, patch_artist=True,
2025-11-17 13:07:46,531 - __main__ - INFO -   Saved: claude_v1_vs_v4_energy_joules_comparison.png
2025-11-17 13:07:46,753 - __main__ - INFO -   Saved: claude_v1_vs_v4_pass_rate_comparison.png
2025-11-17 13:07:46,753 - __main__ - INFO - 
Generating frequency distribution plots...
2025-11-17 13:07:46,941 - __main__ - INFO -   Saved: improvement_frequency_distribution_v1_CPU_usage.png
2025-11-17 13:07:47,132 - __main__ - INFO -   Saved: improvement_frequency_distribution_v1_RAM_usage.png
2025-11-17 13:07:47,291 - __main__ - INFO -   Saved: improvement_frequency_distribution_v1_execution_time_ms.png
2025-11-17 13:07:47,452 - __main__ - INFO -   Saved: improvement_frequency_distribution_v1_energy_joules.png
2025-11-17 13:07:47,647 - __main__ - INFO -   Saved: improvement_frequency_distribution_v1_pass_rate.png
2025-11-17 13:07:47,813 - __main__ - INFO -   Saved: improvement_frequency_distribution_v4_CPU_usage.png
2025-11-17 13:07:47,970 - __main__ - INFO -   Saved: improvement_frequency_distribution_v4_RAM_usage.png
2025-11-17 13:07:48,128 - __main__ - INFO -   Saved: improvement_frequency_distribution_v4_execution_time_ms.png
2025-11-17 13:07:48,283 - __main__ - INFO -   Saved: improvement_frequency_distribution_v4_energy_joules.png
2025-11-17 13:07:48,465 - __main__ - INFO -   Saved: improvement_frequency_distribution_v4_pass_rate.png
2025-11-17 13:07:48,465 - __main__ - INFO - 
Generating box plots by model...
/Users/piccoletto/Desktop/Everything/pisa/tesi/Sustainable-Code-Refactoring-with-LLMs/src/metrics/fixed_prompt_analysis.py:696: MatplotlibDeprecationWarning: The 'labels' parameter of boxplot() has been renamed 'tick_labels' since Matplotlib 3.9; support for the old name will be dropped in 3.11.
  bp = ax.boxplot(plot_data, labels=labels, patch_artist=True,
2025-11-17 13:07:48,571 - __main__ - INFO -   Saved: improvements_by_model_v1_CPU_usage.png
/Users/piccoletto/Desktop/Everything/pisa/tesi/Sustainable-Code-Refactoring-with-LLMs/src/metrics/fixed_prompt_analysis.py:696: MatplotlibDeprecationWarning: The 'labels' parameter of boxplot() has been renamed 'tick_labels' since Matplotlib 3.9; support for the old name will be dropped in 3.11.
  bp = ax.boxplot(plot_data, labels=labels, patch_artist=True,
2025-11-17 13:07:48,672 - __main__ - INFO -   Saved: improvements_by_model_v1_RAM_usage.png
/Users/piccoletto/Desktop/Everything/pisa/tesi/Sustainable-Code-Refactoring-with-LLMs/src/metrics/fixed_prompt_analysis.py:696: MatplotlibDeprecationWarning: The 'labels' parameter of boxplot() has been renamed 'tick_labels' since Matplotlib 3.9; support for the old name will be dropped in 3.11.
  bp = ax.boxplot(plot_data, labels=labels, patch_artist=True,
2025-11-17 13:07:48,780 - __main__ - INFO -   Saved: improvements_by_model_v1_execution_time_ms.png
/Users/piccoletto/Desktop/Everything/pisa/tesi/Sustainable-Code-Refactoring-with-LLMs/src/metrics/fixed_prompt_analysis.py:696: MatplotlibDeprecationWarning: The 'labels' parameter of boxplot() has been renamed 'tick_labels' since Matplotlib 3.9; support for the old name will be dropped in 3.11.
  bp = ax.boxplot(plot_data, labels=labels, patch_artist=True,
2025-11-17 13:07:48,883 - __main__ - INFO -   Saved: improvements_by_model_v1_energy_joules.png
/Users/piccoletto/Desktop/Everything/pisa/tesi/Sustainable-Code-Refactoring-with-LLMs/src/metrics/fixed_prompt_analysis.py:696: MatplotlibDeprecationWarning: The 'labels' parameter of boxplot() has been renamed 'tick_labels' since Matplotlib 3.9; support for the old name will be dropped in 3.11.
  bp = ax.boxplot(plot_data, labels=labels, patch_artist=True,
2025-11-17 13:07:49,019 - __main__ - INFO -   Saved: improvements_by_model_v1_pass_rate.png
/Users/piccoletto/Desktop/Everything/pisa/tesi/Sustainable-Code-Refactoring-with-LLMs/src/metrics/fixed_prompt_analysis.py:696: MatplotlibDeprecationWarning: The 'labels' parameter of boxplot() has been renamed 'tick_labels' since Matplotlib 3.9; support for the old name will be dropped in 3.11.
  bp = ax.boxplot(plot_data, labels=labels, patch_artist=True,
2025-11-17 13:07:49,124 - __main__ - INFO -   Saved: improvements_by_model_v4_CPU_usage.png
/Users/piccoletto/Desktop/Everything/pisa/tesi/Sustainable-Code-Refactoring-with-LLMs/src/metrics/fixed_prompt_analysis.py:696: MatplotlibDeprecationWarning: The 'labels' parameter of boxplot() has been renamed 'tick_labels' since Matplotlib 3.9; support for the old name will be dropped in 3.11.
  bp = ax.boxplot(plot_data, labels=labels, patch_artist=True,
2025-11-17 13:07:49,224 - __main__ - INFO -   Saved: improvements_by_model_v4_RAM_usage.png
/Users/piccoletto/Desktop/Everything/pisa/tesi/Sustainable-Code-Refactoring-with-LLMs/src/metrics/fixed_prompt_analysis.py:696: MatplotlibDeprecationWarning: The 'labels' parameter of boxplot() has been renamed 'tick_labels' since Matplotlib 3.9; support for the old name will be dropped in 3.11.
  bp = ax.boxplot(plot_data, labels=labels, patch_artist=True,
2025-11-17 13:07:49,325 - __main__ - INFO -   Saved: improvements_by_model_v4_execution_time_ms.png
/Users/piccoletto/Desktop/Everything/pisa/tesi/Sustainable-Code-Refactoring-with-LLMs/src/metrics/fixed_prompt_analysis.py:696: MatplotlibDeprecationWarning: The 'labels' parameter of boxplot() has been renamed 'tick_labels' since Matplotlib 3.9; support for the old name will be dropped in 3.11.
  bp = ax.boxplot(plot_data, labels=labels, patch_artist=True,
2025-11-17 13:07:49,427 - __main__ - INFO -   Saved: improvements_by_model_v4_energy_joules.png
/Users/piccoletto/Desktop/Everything/pisa/tesi/Sustainable-Code-Refactoring-with-LLMs/src/metrics/fixed_prompt_analysis.py:696: MatplotlibDeprecationWarning: The 'labels' parameter of boxplot() has been renamed 'tick_labels' since Matplotlib 3.9; support for the old name will be dropped in 3.11.
  bp = ax.boxplot(plot_data, labels=labels, patch_artist=True,
2025-11-17 13:07:49,531 - __main__ - INFO -   Saved: improvements_by_model_v4_pass_rate.png
2025-11-17 13:07:49,531 - __main__ - INFO - 
Generating box plots by language...
/Users/piccoletto/Desktop/Everything/pisa/tesi/Sustainable-Code-Refactoring-with-LLMs/src/metrics/fixed_prompt_analysis.py:755: MatplotlibDeprecationWarning: The 'labels' parameter of boxplot() has been renamed 'tick_labels' since Matplotlib 3.9; support for the old name will be dropped in 3.11.
  bp = ax.boxplot(plot_data, labels=labels, patch_artist=True,
2025-11-17 13:07:49,664 - __main__ - INFO -   Saved: improvements_by_language_v1_CPU_usage.png
/Users/piccoletto/Desktop/Everything/pisa/tesi/Sustainable-Code-Refactoring-with-LLMs/src/metrics/fixed_prompt_analysis.py:755: MatplotlibDeprecationWarning: The 'labels' parameter of boxplot() has been renamed 'tick_labels' since Matplotlib 3.9; support for the old name will be dropped in 3.11.
  bp = ax.boxplot(plot_data, labels=labels, patch_artist=True,
2025-11-17 13:07:49,792 - __main__ - INFO -   Saved: improvements_by_language_v1_RAM_usage.png
/Users/piccoletto/Desktop/Everything/pisa/tesi/Sustainable-Code-Refactoring-with-LLMs/src/metrics/fixed_prompt_analysis.py:755: MatplotlibDeprecationWarning: The 'labels' parameter of boxplot() has been renamed 'tick_labels' since Matplotlib 3.9; support for the old name will be dropped in 3.11.
  bp = ax.boxplot(plot_data, labels=labels, patch_artist=True,
2025-11-17 13:07:49,930 - __main__ - INFO -   Saved: improvements_by_language_v1_execution_time_ms.png
/Users/piccoletto/Desktop/Everything/pisa/tesi/Sustainable-Code-Refactoring-with-LLMs/src/metrics/fixed_prompt_analysis.py:755: MatplotlibDeprecationWarning: The 'labels' parameter of boxplot() has been renamed 'tick_labels' since Matplotlib 3.9; support for the old name will be dropped in 3.11.
  bp = ax.boxplot(plot_data, labels=labels, patch_artist=True,
2025-11-17 13:07:50,061 - __main__ - INFO -   Saved: improvements_by_language_v1_energy_joules.png
/Users/piccoletto/Desktop/Everything/pisa/tesi/Sustainable-Code-Refactoring-with-LLMs/src/metrics/fixed_prompt_analysis.py:755: MatplotlibDeprecationWarning: The 'labels' parameter of boxplot() has been renamed 'tick_labels' since Matplotlib 3.9; support for the old name will be dropped in 3.11.
  bp = ax.boxplot(plot_data, labels=labels, patch_artist=True,
2025-11-17 13:07:50,188 - __main__ - INFO -   Saved: improvements_by_language_v1_pass_rate.png
/Users/piccoletto/Desktop/Everything/pisa/tesi/Sustainable-Code-Refactoring-with-LLMs/src/metrics/fixed_prompt_analysis.py:755: MatplotlibDeprecationWarning: The 'labels' parameter of boxplot() has been renamed 'tick_labels' since Matplotlib 3.9; support for the old name will be dropped in 3.11.
  bp = ax.boxplot(plot_data, labels=labels, patch_artist=True,
2025-11-17 13:07:50,322 - __main__ - INFO -   Saved: improvements_by_language_v4_CPU_usage.png
/Users/piccoletto/Desktop/Everything/pisa/tesi/Sustainable-Code-Refactoring-with-LLMs/src/metrics/fixed_prompt_analysis.py:755: MatplotlibDeprecationWarning: The 'labels' parameter of boxplot() has been renamed 'tick_labels' since Matplotlib 3.9; support for the old name will be dropped in 3.11.
  bp = ax.boxplot(plot_data, labels=labels, patch_artist=True,
2025-11-17 13:07:50,446 - __main__ - INFO -   Saved: improvements_by_language_v4_RAM_usage.png
/Users/piccoletto/Desktop/Everything/pisa/tesi/Sustainable-Code-Refactoring-with-LLMs/src/metrics/fixed_prompt_analysis.py:755: MatplotlibDeprecationWarning: The 'labels' parameter of boxplot() has been renamed 'tick_labels' since Matplotlib 3.9; support for the old name will be dropped in 3.11.
  bp = ax.boxplot(plot_data, labels=labels, patch_artist=True,
2025-11-17 13:07:50,611 - __main__ - INFO -   Saved: improvements_by_language_v4_execution_time_ms.png
/Users/piccoletto/Desktop/Everything/pisa/tesi/Sustainable-Code-Refactoring-with-LLMs/src/metrics/fixed_prompt_analysis.py:755: MatplotlibDeprecationWarning: The 'labels' parameter of boxplot() has been renamed 'tick_labels' since Matplotlib 3.9; support for the old name will be dropped in 3.11.
  bp = ax.boxplot(plot_data, labels=labels, patch_artist=True,
2025-11-17 13:07:50,751 - __main__ - INFO -   Saved: improvements_by_language_v4_energy_joules.png
/Users/piccoletto/Desktop/Everything/pisa/tesi/Sustainable-Code-Refactoring-with-LLMs/src/metrics/fixed_prompt_analysis.py:755: MatplotlibDeprecationWarning: The 'labels' parameter of boxplot() has been renamed 'tick_labels' since Matplotlib 3.9; support for the old name will be dropped in 3.11.
  bp = ax.boxplot(plot_data, labels=labels, patch_artist=True,
2025-11-17 13:07:50,873 - __main__ - INFO -   Saved: improvements_by_language_v4_pass_rate.png
2025-11-17 13:07:50,873 - __main__ - INFO - 
Generating appendix plots (v2 and v3)...
/Users/piccoletto/Desktop/Everything/pisa/tesi/Sustainable-Code-Refactoring-with-LLMs/src/metrics/fixed_prompt_analysis.py:330: MatplotlibDeprecationWarning: The 'labels' parameter of boxplot() has been renamed 'tick_labels' since Matplotlib 3.9; support for the old name will be dropped in 3.11.
  bp = ax.boxplot(plot_data, labels=labels, patch_artist=True,
2025-11-17 13:07:50,999 - __main__ - INFO -   Saved: openAI_vv2_improvements_by_language_CPU_usage.png
/Users/piccoletto/Desktop/Everything/pisa/tesi/Sustainable-Code-Refactoring-with-LLMs/src/metrics/fixed_prompt_analysis.py:330: MatplotlibDeprecationWarning: The 'labels' parameter of boxplot() has been renamed 'tick_labels' since Matplotlib 3.9; support for the old name will be dropped in 3.11.
  bp = ax.boxplot(plot_data, labels=labels, patch_artist=True,
2025-11-17 13:07:51,120 - __main__ - INFO -   Saved: openAI_vv2_improvements_by_language_RAM_usage.png
/Users/piccoletto/Desktop/Everything/pisa/tesi/Sustainable-Code-Refactoring-with-LLMs/src/metrics/fixed_prompt_analysis.py:330: MatplotlibDeprecationWarning: The 'labels' parameter of boxplot() has been renamed 'tick_labels' since Matplotlib 3.9; support for the old name will be dropped in 3.11.
  bp = ax.boxplot(plot_data, labels=labels, patch_artist=True,
2025-11-17 13:07:51,250 - __main__ - INFO -   Saved: openAI_vv2_improvements_by_language_execution_time_ms.png
/Users/piccoletto/Desktop/Everything/pisa/tesi/Sustainable-Code-Refactoring-with-LLMs/src/metrics/fixed_prompt_analysis.py:330: MatplotlibDeprecationWarning: The 'labels' parameter of boxplot() has been renamed 'tick_labels' since Matplotlib 3.9; support for the old name will be dropped in 3.11.
  bp = ax.boxplot(plot_data, labels=labels, patch_artist=True,
2025-11-17 13:07:51,381 - __main__ - INFO -   Saved: openAI_vv2_improvements_by_language_energy_joules.png
2025-11-17 13:07:51,547 - __main__ - INFO -   Saved: openAI_vv2_improvements_by_language_pass_rate.png
/Users/piccoletto/Desktop/Everything/pisa/tesi/Sustainable-Code-Refactoring-with-LLMs/src/metrics/fixed_prompt_analysis.py:330: MatplotlibDeprecationWarning: The 'labels' parameter of boxplot() has been renamed 'tick_labels' since Matplotlib 3.9; support for the old name will be dropped in 3.11.
  bp = ax.boxplot(plot_data, labels=labels, patch_artist=True,
2025-11-17 13:07:51,675 - __main__ - INFO -   Saved: gemini_vv2_improvements_by_language_CPU_usage.png
/Users/piccoletto/Desktop/Everything/pisa/tesi/Sustainable-Code-Refactoring-with-LLMs/src/metrics/fixed_prompt_analysis.py:330: MatplotlibDeprecationWarning: The 'labels' parameter of boxplot() has been renamed 'tick_labels' since Matplotlib 3.9; support for the old name will be dropped in 3.11.
  bp = ax.boxplot(plot_data, labels=labels, patch_artist=True,
2025-11-17 13:07:51,797 - __main__ - INFO -   Saved: gemini_vv2_improvements_by_language_RAM_usage.png
/Users/piccoletto/Desktop/Everything/pisa/tesi/Sustainable-Code-Refactoring-with-LLMs/src/metrics/fixed_prompt_analysis.py:330: MatplotlibDeprecationWarning: The 'labels' parameter of boxplot() has been renamed 'tick_labels' since Matplotlib 3.9; support for the old name will be dropped in 3.11.
  bp = ax.boxplot(plot_data, labels=labels, patch_artist=True,
2025-11-17 13:07:51,926 - __main__ - INFO -   Saved: gemini_vv2_improvements_by_language_execution_time_ms.png
/Users/piccoletto/Desktop/Everything/pisa/tesi/Sustainable-Code-Refactoring-with-LLMs/src/metrics/fixed_prompt_analysis.py:330: MatplotlibDeprecationWarning: The 'labels' parameter of boxplot() has been renamed 'tick_labels' since Matplotlib 3.9; support for the old name will be dropped in 3.11.
  bp = ax.boxplot(plot_data, labels=labels, patch_artist=True,
2025-11-17 13:07:52,058 - __main__ - INFO -   Saved: gemini_vv2_improvements_by_language_energy_joules.png
2025-11-17 13:07:52,211 - __main__ - INFO -   Saved: gemini_vv2_improvements_by_language_pass_rate.png
/Users/piccoletto/Desktop/Everything/pisa/tesi/Sustainable-Code-Refactoring-with-LLMs/src/metrics/fixed_prompt_analysis.py:330: MatplotlibDeprecationWarning: The 'labels' parameter of boxplot() has been renamed 'tick_labels' since Matplotlib 3.9; support for the old name will be dropped in 3.11.
  bp = ax.boxplot(plot_data, labels=labels, patch_artist=True,
2025-11-17 13:07:52,369 - __main__ - INFO -   Saved: claude_vv2_improvements_by_language_CPU_usage.png
/Users/piccoletto/Desktop/Everything/pisa/tesi/Sustainable-Code-Refactoring-with-LLMs/src/metrics/fixed_prompt_analysis.py:330: MatplotlibDeprecationWarning: The 'labels' parameter of boxplot() has been renamed 'tick_labels' since Matplotlib 3.9; support for the old name will be dropped in 3.11.
  bp = ax.boxplot(plot_data, labels=labels, patch_artist=True,
2025-11-17 13:07:52,492 - __main__ - INFO -   Saved: claude_vv2_improvements_by_language_RAM_usage.png
/Users/piccoletto/Desktop/Everything/pisa/tesi/Sustainable-Code-Refactoring-with-LLMs/src/metrics/fixed_prompt_analysis.py:330: MatplotlibDeprecationWarning: The 'labels' parameter of boxplot() has been renamed 'tick_labels' since Matplotlib 3.9; support for the old name will be dropped in 3.11.
  bp = ax.boxplot(plot_data, labels=labels, patch_artist=True,
2025-11-17 13:07:52,622 - __main__ - INFO -   Saved: claude_vv2_improvements_by_language_execution_time_ms.png
/Users/piccoletto/Desktop/Everything/pisa/tesi/Sustainable-Code-Refactoring-with-LLMs/src/metrics/fixed_prompt_analysis.py:330: MatplotlibDeprecationWarning: The 'labels' parameter of boxplot() has been renamed 'tick_labels' since Matplotlib 3.9; support for the old name will be dropped in 3.11.
  bp = ax.boxplot(plot_data, labels=labels, patch_artist=True,
2025-11-17 13:07:52,754 - __main__ - INFO -   Saved: claude_vv2_improvements_by_language_energy_joules.png
2025-11-17 13:07:52,905 - __main__ - INFO -   Saved: claude_vv2_improvements_by_language_pass_rate.png
/Users/piccoletto/Desktop/Everything/pisa/tesi/Sustainable-Code-Refactoring-with-LLMs/src/metrics/fixed_prompt_analysis.py:330: MatplotlibDeprecationWarning: The 'labels' parameter of boxplot() has been renamed 'tick_labels' since Matplotlib 3.9; support for the old name will be dropped in 3.11.
  bp = ax.boxplot(plot_data, labels=labels, patch_artist=True,
2025-11-17 13:07:53,034 - __main__ - INFO -   Saved: openAI_vv3_improvements_by_language_CPU_usage.png
/Users/piccoletto/Desktop/Everything/pisa/tesi/Sustainable-Code-Refactoring-with-LLMs/src/metrics/fixed_prompt_analysis.py:330: MatplotlibDeprecationWarning: The 'labels' parameter of boxplot() has been renamed 'tick_labels' since Matplotlib 3.9; support for the old name will be dropped in 3.11.
  bp = ax.boxplot(plot_data, labels=labels, patch_artist=True,
2025-11-17 13:07:53,157 - __main__ - INFO -   Saved: openAI_vv3_improvements_by_language_RAM_usage.png
/Users/piccoletto/Desktop/Everything/pisa/tesi/Sustainable-Code-Refactoring-with-LLMs/src/metrics/fixed_prompt_analysis.py:330: MatplotlibDeprecationWarning: The 'labels' parameter of boxplot() has been renamed 'tick_labels' since Matplotlib 3.9; support for the old name will be dropped in 3.11.
  bp = ax.boxplot(plot_data, labels=labels, patch_artist=True,
2025-11-17 13:07:53,286 - __main__ - INFO -   Saved: openAI_vv3_improvements_by_language_execution_time_ms.png
/Users/piccoletto/Desktop/Everything/pisa/tesi/Sustainable-Code-Refactoring-with-LLMs/src/metrics/fixed_prompt_analysis.py:330: MatplotlibDeprecationWarning: The 'labels' parameter of boxplot() has been renamed 'tick_labels' since Matplotlib 3.9; support for the old name will be dropped in 3.11.
  bp = ax.boxplot(plot_data, labels=labels, patch_artist=True,
2025-11-17 13:07:53,420 - __main__ - INFO -   Saved: openAI_vv3_improvements_by_language_energy_joules.png
2025-11-17 13:07:53,572 - __main__ - INFO -   Saved: openAI_vv3_improvements_by_language_pass_rate.png
/Users/piccoletto/Desktop/Everything/pisa/tesi/Sustainable-Code-Refactoring-with-LLMs/src/metrics/fixed_prompt_analysis.py:330: MatplotlibDeprecationWarning: The 'labels' parameter of boxplot() has been renamed 'tick_labels' since Matplotlib 3.9; support for the old name will be dropped in 3.11.
  bp = ax.boxplot(plot_data, labels=labels, patch_artist=True,
2025-11-17 13:07:53,701 - __main__ - INFO -   Saved: gemini_vv3_improvements_by_language_CPU_usage.png
/Users/piccoletto/Desktop/Everything/pisa/tesi/Sustainable-Code-Refactoring-with-LLMs/src/metrics/fixed_prompt_analysis.py:330: MatplotlibDeprecationWarning: The 'labels' parameter of boxplot() has been renamed 'tick_labels' since Matplotlib 3.9; support for the old name will be dropped in 3.11.
  bp = ax.boxplot(plot_data, labels=labels, patch_artist=True,
2025-11-17 13:07:53,823 - __main__ - INFO -   Saved: gemini_vv3_improvements_by_language_RAM_usage.png
/Users/piccoletto/Desktop/Everything/pisa/tesi/Sustainable-Code-Refactoring-with-LLMs/src/metrics/fixed_prompt_analysis.py:330: MatplotlibDeprecationWarning: The 'labels' parameter of boxplot() has been renamed 'tick_labels' since Matplotlib 3.9; support for the old name will be dropped in 3.11.
  bp = ax.boxplot(plot_data, labels=labels, patch_artist=True,
2025-11-17 13:07:53,954 - __main__ - INFO -   Saved: gemini_vv3_improvements_by_language_execution_time_ms.png
/Users/piccoletto/Desktop/Everything/pisa/tesi/Sustainable-Code-Refactoring-with-LLMs/src/metrics/fixed_prompt_analysis.py:330: MatplotlibDeprecationWarning: The 'labels' parameter of boxplot() has been renamed 'tick_labels' since Matplotlib 3.9; support for the old name will be dropped in 3.11.
  bp = ax.boxplot(plot_data, labels=labels, patch_artist=True,
2025-11-17 13:07:54,121 - __main__ - INFO -   Saved: gemini_vv3_improvements_by_language_energy_joules.png
2025-11-17 13:07:54,274 - __main__ - INFO -   Saved: gemini_vv3_improvements_by_language_pass_rate.png
/Users/piccoletto/Desktop/Everything/pisa/tesi/Sustainable-Code-Refactoring-with-LLMs/src/metrics/fixed_prompt_analysis.py:330: MatplotlibDeprecationWarning: The 'labels' parameter of boxplot() has been renamed 'tick_labels' since Matplotlib 3.9; support for the old name will be dropped in 3.11.
  bp = ax.boxplot(plot_data, labels=labels, patch_artist=True,
2025-11-17 13:07:54,404 - __main__ - INFO -   Saved: claude_vv3_improvements_by_language_CPU_usage.png
/Users/piccoletto/Desktop/Everything/pisa/tesi/Sustainable-Code-Refactoring-with-LLMs/src/metrics/fixed_prompt_analysis.py:330: MatplotlibDeprecationWarning: The 'labels' parameter of boxplot() has been renamed 'tick_labels' since Matplotlib 3.9; support for the old name will be dropped in 3.11.
  bp = ax.boxplot(plot_data, labels=labels, patch_artist=True,
2025-11-17 13:07:54,527 - __main__ - INFO -   Saved: claude_vv3_improvements_by_language_RAM_usage.png
/Users/piccoletto/Desktop/Everything/pisa/tesi/Sustainable-Code-Refactoring-with-LLMs/src/metrics/fixed_prompt_analysis.py:330: MatplotlibDeprecationWarning: The 'labels' parameter of boxplot() has been renamed 'tick_labels' since Matplotlib 3.9; support for the old name will be dropped in 3.11.
  bp = ax.boxplot(plot_data, labels=labels, patch_artist=True,
2025-11-17 13:07:54,658 - __main__ - INFO -   Saved: claude_vv3_improvements_by_language_execution_time_ms.png
/Users/piccoletto/Desktop/Everything/pisa/tesi/Sustainable-Code-Refactoring-with-LLMs/src/metrics/fixed_prompt_analysis.py:330: MatplotlibDeprecationWarning: The 'labels' parameter of boxplot() has been renamed 'tick_labels' since Matplotlib 3.9; support for the old name will be dropped in 3.11.
  bp = ax.boxplot(plot_data, labels=labels, patch_artist=True,
2025-11-17 13:07:54,792 - __main__ - INFO -   Saved: claude_vv3_improvements_by_language_energy_joules.png
2025-11-17 13:07:54,944 - __main__ - INFO -   Saved: claude_vv3_improvements_by_language_pass_rate.png
2025-11-17 13:07:54,944 - __main__ - INFO - 
================================================================================
2025-11-17 13:07:54,944 - __main__ - INFO - Fixed Prompt Analysis Complete!
2025-11-17 13:07:54,944 - __main__ - INFO - Output directory: /Users/piccoletto/Desktop/Everything/pisa/tesi/Sustainable-Code-Refactoring-with-LLMs/src/metrics/fixed_prompt_plots
2025-11-17 13:07:54,944 - __main__ - INFO - ================================================================================
2025-11-17 13:07:54,946 - __main__ - INFO - Analysis completed successfully!
[0;32m[SUCCESS][0m Fixed prompt analysis completed
[0;34m[INFO][0m Copying fixed prompt plots to scrittura...
2025-11-17 13:07:55,492 - __main__ - INFO - ================================================================================
2025-11-17 13:07:55,492 - __main__ - INFO - FIXED PROMPT PLOTS COPY UTILITY
2025-11-17 13:07:55,492 - __main__ - INFO - ================================================================================
2025-11-17 13:07:55,492 - __main__ - INFO - Source directory: /Users/piccoletto/Desktop/Everything/pisa/tesi/Sustainable-Code-Refactoring-with-LLMs/src/metrics/fixed_prompt_plots
2025-11-17 13:07:55,492 - __main__ - INFO - Destination directory: /Users/piccoletto/Desktop/Everything/pisa/tesi/scrittura/plots/fixed_prompt_analysis
2025-11-17 13:07:55,492 - __main__ - INFO - 
Copying plots...
2025-11-17 13:07:55,493 - __main__ - INFO - ✓ Copied: v1_only/improvement_frequency_distribution_v1_pass_rate.png (153,062 bytes)
2025-11-17 13:07:55,493 - __main__ - INFO - ✓ Copied: v1_only/improvements_by_language_v1_execution_time_ms.png (167,585 bytes)
2025-11-17 13:07:55,494 - __main__ - INFO - ✓ Copied: v1_only/improvement_frequency_distribution_v1_CPU_usage.png (150,991 bytes)
2025-11-17 13:07:55,495 - __main__ - INFO - ✓ Copied: v1_only/improvements_by_model_v1_energy_joules.png (125,436 bytes)
2025-11-17 13:07:55,495 - __main__ - INFO - ✓ Copied: v1_only/improvements_by_model_v1_RAM_usage.png (119,252 bytes)
2025-11-17 13:07:55,496 - __main__ - INFO - ✓ Copied: v1_only/improvements_by_language_v1_CPU_usage.png (164,885 bytes)
2025-11-17 13:07:55,496 - __main__ - INFO - ✓ Copied: v1_only/improvement_frequency_distribution_v1_energy_joules.png (160,839 bytes)
2025-11-17 13:07:55,497 - __main__ - INFO - ✓ Copied: v1_only/claude_vv1_improvements_by_language_CPU_usage.png (137,283 bytes)
2025-11-17 13:07:55,497 - __main__ - INFO - ✓ Copied: v1_only/openAI_vv1_improvements_by_language_RAM_usage.png (132,035 bytes)
2025-11-17 13:07:55,498 - __main__ - INFO - ✓ Copied: v1_only/gemini_vv1_improvements_by_language_energy_joules.png (137,668 bytes)
2025-11-17 13:07:55,498 - __main__ - INFO - ✓ Copied: v1_only/claude_vv1_improvements_by_language_pass_rate.png (220,718 bytes)
2025-11-17 13:07:55,499 - __main__ - INFO - ✓ Copied: v1_only/improvements_by_language_v1_pass_rate.png (131,092 bytes)
2025-11-17 13:07:55,499 - __main__ - INFO - ✓ Copied: v1_only/gemini_vv1_improvements_by_language_execution_time_ms.png (138,117 bytes)
2025-11-17 13:07:55,500 - __main__ - INFO - ✓ Copied: v1_only/gemini_vv1_improvements_by_language_RAM_usage.png (130,888 bytes)
2025-11-17 13:07:55,501 - __main__ - INFO - ✓ Copied: v1_only/improvements_by_model_v1_execution_time_ms.png (140,095 bytes)
2025-11-17 13:07:55,501 - __main__ - INFO - ✓ Copied: v1_only/claude_vv1_improvements_by_language_execution_time_ms.png (138,816 bytes)
2025-11-17 13:07:55,502 - __main__ - INFO - ✓ Copied: v1_only/improvements_by_model_v1_CPU_usage.png (130,872 bytes)
2025-11-17 13:07:55,502 - __main__ - INFO - ✓ Copied: v1_only/improvements_by_language_v1_energy_joules.png (161,500 bytes)
2025-11-17 13:07:55,502 - __main__ - INFO - ✓ Copied: v1_only/improvements_by_model_v1_pass_rate.png (108,127 bytes)
2025-11-17 13:07:55,504 - __main__ - INFO - ✓ Copied: v1_only/improvement_frequency_distribution_v1_RAM_usage.png (161,134 bytes)
2025-11-17 13:07:55,505 - __main__ - INFO - ✓ Copied: v1_only/improvement_frequency_distribution_v1_execution_time_ms.png (165,871 bytes)
2025-11-17 13:07:55,505 - __main__ - INFO - ✓ Copied: v1_only/claude_vv1_improvements_by_language_energy_joules.png (140,839 bytes)
2025-11-17 13:07:55,505 - __main__ - INFO - ✓ Copied: v1_only/gemini_vv1_improvements_by_language_pass_rate.png (219,369 bytes)
2025-11-17 13:07:55,506 - __main__ - INFO - ✓ Copied: v1_only/gemini_vv1_improvements_by_language_CPU_usage.png (139,998 bytes)
2025-11-17 13:07:55,506 - __main__ - INFO - ✓ Copied: v1_only/openAI_vv1_improvements_by_language_execution_time_ms.png (139,032 bytes)
2025-11-17 13:07:55,507 - __main__ - INFO - ✓ Copied: v1_only/improvements_by_language_v1_RAM_usage.png (146,066 bytes)
2025-11-17 13:07:55,507 - __main__ - INFO - ✓ Copied: v1_only/claude_vv1_improvements_by_language_RAM_usage.png (132,179 bytes)
2025-11-17 13:07:55,507 - __main__ - INFO - ✓ Copied: v1_only/openAI_vv1_improvements_by_language_energy_joules.png (138,655 bytes)
2025-11-17 13:07:55,508 - __main__ - INFO - ✓ Copied: v1_only/openAI_vv1_improvements_by_language_CPU_usage.png (140,777 bytes)
2025-11-17 13:07:55,509 - __main__ - INFO - ✓ Copied: v1_only/openAI_vv1_improvements_by_language_pass_rate.png (222,364 bytes)
2025-11-17 13:07:55,509 - __main__ - INFO - ✓ Copied: v4_only/improvements_by_model_v4_energy_joules.png (125,707 bytes)
2025-11-17 13:07:55,510 - __main__ - INFO - ✓ Copied: v4_only/improvements_by_language_v4_RAM_usage.png (152,328 bytes)
2025-11-17 13:07:55,511 - __main__ - INFO - ✓ Copied: v4_only/claude_vv4_improvements_by_language_energy_joules.png (162,531 bytes)
2025-11-17 13:07:55,512 - __main__ - INFO - ✓ Copied: v4_only/improvements_by_model_v4_execution_time_ms.png (120,836 bytes)
2025-11-17 13:07:55,512 - __main__ - INFO - ✓ Copied: v4_only/gemini_vv4_improvements_by_language_execution_time_ms.png (146,277 bytes)
2025-11-17 13:07:55,513 - __main__ - INFO - ✓ Copied: v4_only/improvement_frequency_distribution_v4_RAM_usage.png (156,906 bytes)
2025-11-17 13:07:55,513 - __main__ - INFO - ✓ Copied: v4_only/improvement_frequency_distribution_v4_energy_joules.png (156,377 bytes)
2025-11-17 13:07:55,513 - __main__ - INFO - ✓ Copied: v4_only/gemini_vv4_improvements_by_language_RAM_usage.png (134,273 bytes)
2025-11-17 13:07:55,514 - __main__ - INFO - ✓ Copied: v4_only/openAI_vv4_improvements_by_language_RAM_usage.png (135,022 bytes)
2025-11-17 13:07:55,514 - __main__ - INFO - ✓ Copied: v4_only/claude_vv4_improvements_by_language_CPU_usage.png (139,204 bytes)
2025-11-17 13:07:55,514 - __main__ - INFO - ✓ Copied: v4_only/improvements_by_model_v4_CPU_usage.png (134,267 bytes)
2025-11-17 13:07:55,515 - __main__ - INFO - ✓ Copied: v4_only/improvement_frequency_distribution_v4_execution_time_ms.png (163,711 bytes)
2025-11-17 13:07:55,516 - __main__ - INFO - ✓ Copied: v4_only/openAI_vv4_improvements_by_language_energy_joules.png (163,924 bytes)
2025-11-17 13:07:55,517 - __main__ - INFO - ✓ Copied: v4_only/improvements_by_model_v4_pass_rate.png (108,438 bytes)
2025-11-17 13:07:55,517 - __main__ - INFO - ✓ Copied: v4_only/claude_vv4_improvements_by_language_pass_rate.png (218,831 bytes)
2025-11-17 13:07:55,517 - __main__ - INFO - ✓ Copied: v4_only/improvements_by_language_v4_energy_joules.png (189,996 bytes)
2025-11-17 13:07:55,518 - __main__ - INFO - ✓ Copied: v4_only/improvements_by_language_v4_CPU_usage.png (157,271 bytes)
2025-11-17 13:07:55,518 - __main__ - INFO - ✓ Copied: v4_only/claude_vv4_improvements_by_language_execution_time_ms.png (145,844 bytes)
2025-11-17 13:07:55,519 - __main__ - INFO - ✓ Copied: v4_only/improvements_by_language_v4_pass_rate.png (130,634 bytes)
2025-11-17 13:07:55,519 - __main__ - INFO - ✓ Copied: v4_only/openAI_vv4_improvements_by_language_CPU_usage.png (139,438 bytes)
2025-11-17 13:07:55,519 - __main__ - INFO - ✓ Copied: v4_only/claude_vv4_improvements_by_language_RAM_usage.png (134,598 bytes)
2025-11-17 13:07:55,520 - __main__ - INFO - ✓ Copied: v4_only/improvements_by_model_v4_RAM_usage.png (113,446 bytes)
2025-11-17 13:07:55,520 - __main__ - INFO - ✓ Copied: v4_only/gemini_vv4_improvements_by_language_energy_joules.png (160,624 bytes)
2025-11-17 13:07:55,521 - __main__ - INFO - ✓ Copied: v4_only/openAI_vv4_improvements_by_language_pass_rate.png (221,495 bytes)
2025-11-17 13:07:55,521 - __main__ - INFO - ✓ Copied: v4_only/improvements_by_language_v4_execution_time_ms.png (164,220 bytes)
2025-11-17 13:07:55,521 - __main__ - INFO - ✓ Copied: v4_only/improvement_frequency_distribution_v4_pass_rate.png (148,488 bytes)
2025-11-17 13:07:55,522 - __main__ - INFO - ✓ Copied: v4_only/gemini_vv4_improvements_by_language_pass_rate.png (218,978 bytes)
2025-11-17 13:07:55,522 - __main__ - INFO - ✓ Copied: v4_only/openAI_vv4_improvements_by_language_execution_time_ms.png (146,445 bytes)
2025-11-17 13:07:55,523 - __main__ - INFO - ✓ Copied: v4_only/improvement_frequency_distribution_v4_CPU_usage.png (156,640 bytes)
2025-11-17 13:07:55,524 - __main__ - INFO - ✓ Copied: v4_only/gemini_vv4_improvements_by_language_CPU_usage.png (138,323 bytes)
2025-11-17 13:07:55,525 - __main__ - INFO - ✓ Copied: v1_vs_v4_comparison/gemini_v1_vs_v4_pass_rate_comparison.png (288,142 bytes)
2025-11-17 13:07:55,525 - __main__ - INFO - ✓ Copied: v1_vs_v4_comparison/openAI_v1_vs_v4_RAM_usage_comparison.png (171,483 bytes)
2025-11-17 13:07:55,526 - __main__ - INFO - ✓ Copied: v1_vs_v4_comparison/openAI_v1_vs_v4_CPU_usage_comparison.png (184,341 bytes)
2025-11-17 13:07:55,526 - __main__ - INFO - ✓ Copied: v1_vs_v4_comparison/openAI_v1_vs_v4_execution_time_ms_comparison.png (186,874 bytes)
2025-11-17 13:07:55,527 - __main__ - INFO - ✓ Copied: v1_vs_v4_comparison/claude_v1_vs_v4_RAM_usage_comparison.png (171,301 bytes)
2025-11-17 13:07:55,527 - __main__ - INFO - ✓ Copied: v1_vs_v4_comparison/claude_v1_vs_v4_CPU_usage_comparison.png (181,421 bytes)
2025-11-17 13:07:55,527 - __main__ - INFO - ✓ Copied: v1_vs_v4_comparison/gemini_v1_vs_v4_execution_time_ms_comparison.png (186,538 bytes)
2025-11-17 13:07:55,529 - __main__ - INFO - ✓ Copied: v1_vs_v4_comparison/claude_v1_vs_v4_execution_time_ms_comparison.png (187,481 bytes)
2025-11-17 13:07:55,529 - __main__ - INFO - ✓ Copied: v1_vs_v4_comparison/openAI_v1_vs_v4_energy_joules_comparison.png (204,567 bytes)
2025-11-17 13:07:55,529 - __main__ - INFO - ✓ Copied: v1_vs_v4_comparison/claude_v1_vs_v4_pass_rate_comparison.png (289,156 bytes)
2025-11-17 13:07:55,531 - __main__ - INFO - ✓ Copied: v1_vs_v4_comparison/claude_v1_vs_v4_energy_joules_comparison.png (205,818 bytes)
2025-11-17 13:07:55,531 - __main__ - INFO - ✓ Copied: v1_vs_v4_comparison/openAI_v1_vs_v4_pass_rate_comparison.png (289,432 bytes)
2025-11-17 13:07:55,532 - __main__ - INFO - ✓ Copied: v1_vs_v4_comparison/gemini_v1_vs_v4_RAM_usage_comparison.png (171,535 bytes)
2025-11-17 13:07:55,532 - __main__ - INFO - ✓ Copied: v1_vs_v4_comparison/gemini_v1_vs_v4_CPU_usage_comparison.png (184,381 bytes)
2025-11-17 13:07:55,533 - __main__ - INFO - ✓ Copied: v1_vs_v4_comparison/gemini_v1_vs_v4_energy_joules_comparison.png (201,275 bytes)
2025-11-17 13:07:55,533 - __main__ - INFO - ✓ Copied: appendix_v2_v3/openAI_vv3_improvements_by_language_CPU_usage.png (139,689 bytes)
2025-11-17 13:07:55,533 - __main__ - INFO - ✓ Copied: appendix_v2_v3/claude_vv2_improvements_by_language_execution_time_ms.png (148,307 bytes)
2025-11-17 13:07:55,534 - __main__ - INFO - ✓ Copied: appendix_v2_v3/claude_vv3_improvements_by_language_RAM_usage.png (135,605 bytes)
2025-11-17 13:07:55,535 - __main__ - INFO - ✓ Copied: appendix_v2_v3/gemini_vv3_improvements_by_language_execution_time_ms.png (150,265 bytes)
2025-11-17 13:07:55,535 - __main__ - INFO - ✓ Copied: appendix_v2_v3/openAI_vv3_improvements_by_language_pass_rate.png (223,185 bytes)
2025-11-17 13:07:55,536 - __main__ - INFO - ✓ Copied: appendix_v2_v3/gemini_vv3_improvements_by_language_pass_rate.png (220,673 bytes)
2025-11-17 13:07:55,536 - __main__ - INFO - ✓ Copied: appendix_v2_v3/gemini_vv3_improvements_by_language_CPU_usage.png (142,010 bytes)
2025-11-17 13:07:55,536 - __main__ - INFO - ✓ Copied: appendix_v2_v3/gemini_vv2_improvements_by_language_energy_joules.png (161,197 bytes)
2025-11-17 13:07:55,536 - __main__ - INFO - ✓ Copied: appendix_v2_v3/claude_vv2_improvements_by_language_pass_rate.png (220,711 bytes)
2025-11-17 13:07:55,536 - __main__ - INFO - ✓ Copied: appendix_v2_v3/openAI_vv2_improvements_by_language_RAM_usage.png (134,095 bytes)
2025-11-17 13:07:55,537 - __main__ - INFO - ✓ Copied: appendix_v2_v3/openAI_vv2_improvements_by_language_execution_time_ms.png (149,469 bytes)
2025-11-17 13:07:55,537 - __main__ - INFO - ✓ Copied: appendix_v2_v3/claude_vv2_improvements_by_language_CPU_usage.png (140,827 bytes)
2025-11-17 13:07:55,537 - __main__ - INFO - ✓ Copied: appendix_v2_v3/gemini_vv2_improvements_by_language_RAM_usage.png (136,126 bytes)
2025-11-17 13:07:55,537 - __main__ - INFO - ✓ Copied: appendix_v2_v3/gemini_vv3_improvements_by_language_energy_joules.png (160,347 bytes)
2025-11-17 13:07:55,538 - __main__ - INFO - ✓ Copied: appendix_v2_v3/claude_vv3_improvements_by_language_energy_joules.png (161,969 bytes)
2025-11-17 13:07:55,538 - __main__ - INFO - ✓ Copied: appendix_v2_v3/gemini_vv3_improvements_by_language_RAM_usage.png (133,576 bytes)
2025-11-17 13:07:55,539 - __main__ - INFO - ✓ Copied: appendix_v2_v3/openAI_vv2_improvements_by_language_energy_joules.png (160,844 bytes)
2025-11-17 13:07:55,539 - __main__ - INFO - ✓ Copied: appendix_v2_v3/openAI_vv3_improvements_by_language_RAM_usage.png (137,282 bytes)
2025-11-17 13:07:55,539 - __main__ - INFO - ✓ Copied: appendix_v2_v3/claude_vv3_improvements_by_language_CPU_usage.png (139,326 bytes)
2025-11-17 13:07:55,539 - __main__ - INFO - ✓ Copied: appendix_v2_v3/openAI_vv3_improvements_by_language_execution_time_ms.png (147,049 bytes)
2025-11-17 13:07:55,540 - __main__ - INFO - ✓ Copied: appendix_v2_v3/claude_vv3_improvements_by_language_pass_rate.png (221,382 bytes)
2025-11-17 13:07:55,540 - __main__ - INFO - ✓ Copied: appendix_v2_v3/claude_vv2_improvements_by_language_energy_joules.png (161,877 bytes)
2025-11-17 13:07:55,540 - __main__ - INFO - ✓ Copied: appendix_v2_v3/gemini_vv2_improvements_by_language_CPU_usage.png (141,835 bytes)
2025-11-17 13:07:55,540 - __main__ - INFO - ✓ Copied: appendix_v2_v3/gemini_vv2_improvements_by_language_pass_rate.png (217,625 bytes)
2025-11-17 13:07:55,541 - __main__ - INFO - ✓ Copied: appendix_v2_v3/openAI_vv3_improvements_by_language_energy_joules.png (163,501 bytes)
2025-11-17 13:07:55,541 - __main__ - INFO - ✓ Copied: appendix_v2_v3/gemini_vv2_improvements_by_language_execution_time_ms.png (146,829 bytes)
2025-11-17 13:07:55,541 - __main__ - INFO - ✓ Copied: appendix_v2_v3/openAI_vv2_improvements_by_language_pass_rate.png (222,673 bytes)
2025-11-17 13:07:55,542 - __main__ - INFO - ✓ Copied: appendix_v2_v3/claude_vv3_improvements_by_language_execution_time_ms.png (146,343 bytes)
2025-11-17 13:07:55,542 - __main__ - INFO - ✓ Copied: appendix_v2_v3/openAI_vv2_improvements_by_language_CPU_usage.png (140,235 bytes)
2025-11-17 13:07:55,542 - __main__ - INFO - ✓ Copied: appendix_v2_v3/claude_vv2_improvements_by_language_RAM_usage.png (138,124 bytes)
2025-11-17 13:07:55,542 - __main__ - INFO - 
================================================================================
2025-11-17 13:07:55,542 - __main__ - INFO - COPY SUMMARY
2025-11-17 13:07:55,542 - __main__ - INFO - ================================================================================
2025-11-17 13:07:55,542 - __main__ - INFO - Files copied:  105
2025-11-17 13:07:55,542 - __main__ - INFO - Files skipped: 0
2025-11-17 13:07:55,542 - __main__ - INFO - Errors:        0
2025-11-17 13:07:55,542 - __main__ - INFO - ================================================================================
2025-11-17 13:07:55,542 - __main__ - INFO - 
Verifying copied files...
2025-11-17 13:07:55,547 - __main__ - INFO - 
✓ All 105 files verified successfully!
[0;32m[SUCCESS][0m Fixed prompt plots copied to scrittura
[0;34m[INFO][0m [6/8] Generating pattern analysis plots...
2025-11-17 13:07:55,997 - INFO - ================================================================================
2025-11-17 13:07:55,997 - INFO - PATTERN-PERFORMANCE ANALYZER
2025-11-17 13:07:55,997 - INFO - ================================================================================
2025-11-17 13:07:55,997 - INFO - Improvements source: /Users/piccoletto/Desktop/Everything/pisa/tesi/Sustainable-Code-Refactoring-with-LLMs/src/metrics/energy_improvements/clusters_improvements_data
2025-11-17 13:07:55,997 - INFO - Output directory: /Users/piccoletto/Desktop/Everything/pisa/tesi/Sustainable-Code-Refactoring-with-LLMs/src/metrics/patterns/pattern_analysis
2025-11-17 13:07:55,997 - INFO - 
2025-11-17 13:07:55,997 - INFO - STEP 1: Processing all clusters
2025-11-17 13:07:55,997 - INFO - --------------------------------------------------------------------------------
2025-11-17 13:07:56,092 - INFO -   Processed 20/242 clusters...
2025-11-17 13:07:56,376 - INFO -   Processed 40/242 clusters...
2025-11-17 13:07:56,660 - INFO -   Processed 60/242 clusters...
2025-11-17 13:07:57,012 - INFO -   Processed 80/242 clusters...
2025-11-17 13:07:57,546 - INFO -   Processed 100/242 clusters...
2025-11-17 13:07:58,119 - INFO -   Processed 120/242 clusters...
2025-11-17 13:07:58,795 - INFO -   Processed 140/242 clusters...
2025-11-17 13:07:59,374 - INFO -   Processed 160/242 clusters...
2025-11-17 13:08:00,031 - INFO -   Processed 180/242 clusters...
2025-11-17 13:08:00,700 - INFO -   Processed 200/242 clusters...
2025-11-17 13:08:01,483 - INFO -   Processed 220/242 clusters...
2025-11-17 13:08:02,256 - INFO -   Processed 240/242 clusters...
2025-11-17 13:08:02,337 - INFO - 
✓ Processed 242 clusters successfully
2025-11-17 13:08:02,337 - INFO - ✓ Total entries: 7426
2025-11-17 13:08:02,337 - INFO - 
STEP 2: Computing pattern-metric correlations
2025-11-17 13:08:02,337 - INFO - --------------------------------------------------------------------------------
2025-11-17 13:08:02,341 - INFO - ✓ Computed correlations for 35 patterns
2025-11-17 13:08:02,341 - INFO - 
STEP 3: Selecting best clusters for analysis
2025-11-17 13:08:02,341 - INFO - --------------------------------------------------------------------------------
2025-11-17 13:08:02,341 - INFO - ✓ Selected 22/242 clusters
2025-11-17 13:08:02,341 - INFO - 
STEP 4: Exporting results
2025-11-17 13:08:02,341 - INFO - --------------------------------------------------------------------------------
2025-11-17 13:08:02,342 - INFO - ✓ Pattern correlations: /Users/piccoletto/Desktop/Everything/pisa/tesi/Sustainable-Code-Refactoring-with-LLMs/src/metrics/patterns/pattern_analysis/pattern_metric_correlations.json
2025-11-17 13:08:02,344 - INFO - ✓ Cluster statistics: /Users/piccoletto/Desktop/Everything/pisa/tesi/Sustainable-Code-Refactoring-with-LLMs/src/metrics/patterns/pattern_analysis/cluster_statistics.json
2025-11-17 13:08:02,344 - INFO - ✓ Analysis summary: /Users/piccoletto/Desktop/Everything/pisa/tesi/Sustainable-Code-Refactoring-with-LLMs/src/metrics/patterns/pattern_analysis/analysis_summary.json
2025-11-17 13:08:02,344 - INFO - 
================================================================================
2025-11-17 13:08:02,344 - INFO - EXPORTING TOP 3 CASE STUDIES (STRATEGIC SELECTION)
2025-11-17 13:08:02,344 - INFO - ================================================================================
2025-11-17 13:08:02,344 - INFO - 
Phase 1: Filtering valid candidates...
2025-11-17 13:08:02,345 - INFO -   ✓ Found 770 valid candidates with significant improvements
2025-11-17 13:08:02,345 - INFO - 
Phase 2: Finding best champion per language...
2025-11-17 13:08:02,345 - INFO -   Languages represented: ['python', 'typescript', 'c', 'go', 'Java', 'javascript', 'java']
2025-11-17 13:08:02,345 - INFO -   python: Champion found with impact score -52.18%
2025-11-17 13:08:02,345 - INFO -     - Entry ID: a0147insertionsortlist_89
2025-11-17 13:08:02,345 - INFO -     - Time: -109.1%
2025-11-17 13:08:02,345 - INFO -     - CPU: 7.3%
2025-11-17 13:08:02,345 - INFO -     - RAM: -0.4%
2025-11-17 13:08:02,345 - INFO -   typescript: Champion found with impact score -74.65%
2025-11-17 13:08:02,345 - INFO -     - Entry ID: typescript_gigasecond_Exercism-typescript-shybyte_shybyte
2025-11-17 13:08:02,345 - INFO -     - Time: -177.0%
2025-11-17 13:08:02,345 - INFO -     - CPU: 70.9%
2025-11-17 13:08:02,345 - INFO -     - RAM: -58.7%
2025-11-17 13:08:02,345 - INFO -   c: Champion found with impact score -85.17%
2025-11-17 13:08:02,345 - INFO -     - Entry ID: c_anagram_Exercism (m3g4d1v3r)
2025-11-17 13:08:02,345 - INFO -     - Time: -146.9%
2025-11-17 13:08:02,345 - INFO -     - CPU: -34.6%
2025-11-17 13:08:02,346 - INFO -     - RAM: -1.2%
2025-11-17 13:08:02,346 - INFO -   go: Champion found with impact score -54.31%
2025-11-17 13:08:02,346 - INFO -     - Entry ID: go_markdown_Exercism (go_drapala)
2025-11-17 13:08:02,346 - INFO -     - Time: 13.2%
2025-11-17 13:08:02,346 - INFO -     - CPU: -185.2%
2025-11-17 13:08:02,346 - INFO -     - RAM: 4.9%
2025-11-17 13:08:02,346 - INFO -   Java: Champion found with impact score -49.37%
2025-11-17 13:08:02,346 - INFO -     - Entry ID: Java_cars_assemble_Exercism (java_ValMati)
2025-11-17 13:08:02,346 - INFO -     - Time: -79.9%
2025-11-17 13:08:02,346 - INFO -     - CPU: -28.2%
2025-11-17 13:08:02,346 - INFO -     - RAM: -0.2%
2025-11-17 13:08:02,346 - INFO -   javascript: Champion found with impact score -118.71%
2025-11-17 13:08:02,346 - INFO -     - Entry ID: javascript_complex-numbers_exercism-javascript-ThomasZumsteg_ThomasZumsteg
2025-11-17 13:08:02,346 - INFO -     - Time: -198.2%
2025-11-17 13:08:02,346 - INFO -     - CPU: -60.3%
2025-11-17 13:08:02,346 - INFO -     - RAM: 2.7%
2025-11-17 13:08:02,346 - INFO -   java: Champion found with impact score -52.30%
2025-11-17 13:08:02,346 - INFO -     - Entry ID: java_nth_prime_Anarghya-Rao
2025-11-17 13:08:02,346 - INFO -     - Time: -124.2%
2025-11-17 13:08:02,346 - INFO -     - CPU: 52.1%
2025-11-17 13:08:02,346 - INFO -     - RAM: -45.4%
2025-11-17 13:08:02,346 - INFO - 
Phase 3: Selecting top 3 languages by impact...
2025-11-17 13:08:02,346 - INFO -   ✓ Selected 3 language champions:
2025-11-17 13:08:02,346 - INFO -     #1: javascript - Entry javascript_complex-numbers_exercism-javascript-ThomasZumsteg_ThomasZumsteg
2025-11-17 13:08:02,346 - INFO -     #2: c - Entry c_anagram_Exercism (m3g4d1v3r)
2025-11-17 13:08:02,346 - INFO -     #3: typescript - Entry typescript_gigasecond_Exercism-typescript-shybyte_shybyte
2025-11-17 13:08:02,346 - INFO - 
Phase 4: Exporting case studies...
2025-11-17 13:08:02,346 - INFO - 
Final selection: 3 case studies

2025-11-17 13:08:02,346 - INFO - Processing Case Study #1: javascript_complex-numbers_exercism-javascript-ThomasZumsteg_ThomasZumsteg
2025-11-17 13:08:02,346 - INFO -   Cluster: complex_numbers, Language: javascript
2025-11-17 13:08:02,346 - INFO -   LLM: gemini, Prompt: prompt_v4
2025-11-17 13:08:02,346 - INFO -   Time improvement: -198.2%
2025-11-17 13:08:02,346 - INFO -   Patterns: 2
2025-11-17 13:08:02,346 - INFO -   ✓ Case study #1 prepared

2025-11-17 13:08:02,346 - INFO - Processing Case Study #2: c_anagram_Exercism (m3g4d1v3r)
2025-11-17 13:08:02,346 - INFO -   Cluster: anagram, Language: c
2025-11-17 13:08:02,346 - INFO -   LLM: gemini, Prompt: prompt_v2
2025-11-17 13:08:02,346 - INFO -   Time improvement: -146.9%
2025-11-17 13:08:02,346 - INFO -   Patterns: 1
2025-11-17 13:08:02,346 - INFO -   ✓ Case study #2 prepared

2025-11-17 13:08:02,346 - INFO - Processing Case Study #3: typescript_gigasecond_Exercism-typescript-shybyte_shybyte
2025-11-17 13:08:02,346 - INFO -   Cluster: gigasecond, Language: typescript
2025-11-17 13:08:02,346 - INFO -   LLM: gemini, Prompt: prompt_v1
2025-11-17 13:08:02,346 - INFO -   Time improvement: -177.0%
2025-11-17 13:08:02,346 - INFO -   Patterns: 1
2025-11-17 13:08:02,346 - INFO -   ✓ Case study #3 prepared

2025-11-17 13:08:02,347 - INFO - ================================================================================
2025-11-17 13:08:02,347 - INFO - ✓ Exported 3 case studies to: /Users/piccoletto/Desktop/Everything/pisa/tesi/Sustainable-Code-Refactoring-with-LLMs/src/metrics/patterns/pattern_analysis/top_3_case_studies.json
2025-11-17 13:08:02,347 - INFO - ================================================================================

2025-11-17 13:08:03,142 - INFO - ================================================================================
2025-11-17 13:08:03,142 - INFO - PATTERN VISUALIZER V4.0 - WITH CASE STUDY SUPPORT
2025-11-17 13:08:03,142 - INFO - ================================================================================
2025-11-17 13:08:03,143 - INFO - 
================================================================================
2025-11-17 13:08:03,143 - INFO - GENERATING VISUALIZATIONS - V4.0
2025-11-17 13:08:03,143 - INFO - ================================================================================
2025-11-17 13:08:03,143 - INFO - Creating simplified cluster selection plot...
2025-11-17 13:08:03,743 - INFO - ✓ Fig1: Cluster selection (simplified)
2025-11-17 13:08:03,743 - INFO - Creating box plots for ALL detected patterns (horizontal)...
2025-11-17 13:08:04,067 - INFO - ✓ F2: CPU Usage - all 33 patterns
2025-11-17 13:08:04,375 - INFO - ✓ F3: RAM Usage - all 33 patterns
2025-11-17 13:08:04,711 - INFO - ✓ F4: Execution Time - all 33 patterns
2025-11-17 13:08:04,711 - INFO - Creating enhanced pattern distribution...
/Users/piccoletto/Desktop/Everything/pisa/tesi/Sustainable-Code-Refactoring-with-LLMs/src/metrics/patterns/../../metrics/patterns/pattern_visualizer.py:452: UserWarning: This figure includes Axes that are not compatible with tight_layout, so results might be incorrect.
  plt.tight_layout()
2025-11-17 13:08:04,859 - INFO - ✓ Fig5: Pattern distribution
2025-11-17 13:08:04,859 - INFO - Creating clear heatmaps...
2025-11-17 13:08:05,053 - INFO - ✓ F6: Generic Cross-Language Patterns
2025-11-17 13:08:05,228 - INFO - ✓ F7: C Patterns
2025-11-17 13:08:05,395 - INFO - ✓ F8: Go Patterns
2025-11-17 13:08:05,577 - INFO - ✓ F9: Java Patterns
2025-11-17 13:08:05,749 - INFO - ✓ F10: JavaScript/TS Patterns
2025-11-17 13:08:05,924 - INFO - ✓ F11: Python Patterns
2025-11-17 13:08:05,924 - INFO - Creating top patterns comparison...
2025-11-17 13:08:06,135 - INFO - ✓ Fig13: Top patterns comparison
2025-11-17 13:08:06,135 - INFO - 
================================================================================
2025-11-17 13:08:06,135 - INFO - VISUALIZATION COMPLETE
2025-11-17 13:08:06,135 - INFO - ================================================================================
2025-11-17 13:08:06,135 - INFO - All figures saved to: /Users/piccoletto/Desktop/Everything/pisa/tesi/Sustainable-Code-Refactoring-with-LLMs/src/metrics/patterns/pattern_analysis
2025-11-17 13:08:06,135 - INFO - Format: PNG (300 DPI)
2025-11-17 13:08:06,135 - INFO - ================================================================================
2025-11-17 13:08:06,135 - INFO - 
================================================================================
2025-11-17 13:08:06,135 - INFO - GENERATING CASE STUDY VISUALIZATIONS
2025-11-17 13:08:06,135 - INFO - ================================================================================
2025-11-17 13:08:06,135 - INFO - Creating individual case study metrics charts...
2025-11-17 13:08:06,358 - INFO - ✓ Case Study #1: metrics chart created
2025-11-17 13:08:06,605 - INFO - ✓ Case Study #2: metrics chart created
2025-11-17 13:08:06,825 - INFO - ✓ Case Study #3: metrics chart created
2025-11-17 13:08:06,825 - INFO - ✓ Created 3 individual case study metrics charts
2025-11-17 13:08:06,825 - INFO - ================================================================================
2025-11-17 13:08:06,825 - INFO - CASE STUDY VISUALIZATIONS COMPLETE
2025-11-17 13:08:06,825 - INFO - ================================================================================

2025-11-17 13:08:06,825 - INFO - 
================================================================================
2025-11-17 13:08:06,825 - INFO - GENERATING GENERIC PATTERNS PIE CHART
2025-11-17 13:08:06,825 - INFO - ================================================================================
2025-11-17 13:08:06,825 - INFO - Creating GENERIC patterns distribution (pie + bar) for section 4.2.5...
/Users/piccoletto/Desktop/Everything/pisa/tesi/Sustainable-Code-Refactoring-with-LLMs/src/metrics/patterns/../../metrics/patterns/pattern_visualizer.py:952: UserWarning: This figure includes Axes that are not compatible with tight_layout, so results might be incorrect.
  plt.tight_layout(rect=[0, 0, 1, 0.95])
2025-11-17 13:08:07,042 - INFO - ✓ Generic patterns distribution (pie+bar) saved: /Users/piccoletto/Desktop/Everything/pisa/tesi/Sustainable-Code-Refactoring-with-LLMs/src/metrics/patterns/pattern_analysis/generic_patterns_distribution.png
2025-11-17 13:08:07,042 - INFO -   Total generic patterns: 9
2025-11-17 13:08:07,042 - INFO -   Total occurrences: 4866
2025-11-17 13:08:07,042 - INFO -   Analysis criteria: similarity ≤75%, improvement ≥15%
2025-11-17 13:08:07,042 - INFO - ================================================================================

2025-11-17 13:08:07,042 - INFO - 
================================================================================
2025-11-17 13:08:07,042 - INFO - ANALYSIS COMPLETE!
2025-11-17 13:08:07,042 - INFO - ================================================================================
2025-11-17 13:08:07,042 - INFO - Results saved to: /Users/piccoletto/Desktop/Everything/pisa/tesi/Sustainable-Code-Refactoring-with-LLMs/src/metrics/patterns/pattern_analysis

[0;32m[SUCCESS][0m Pattern analysis completed
[0;34m[INFO][0m [7/8] Copying plots to scrittura/plots/ directories...
[0;34m[INFO][0m Copying dataset plots...
[0;34m[INFO][0m Copying execution stats plots...
[0;34m[INFO][0m   Copied execution_stats_plots/ with full subdirectory structure
[0;34m[INFO][0m Copying energy improvements plots...
[0;34m[INFO][0m Copying pattern analysis plots...
[0;32m[SUCCESS][0m   Copied       18 pattern plots
[0;34m[INFO][0m Copying fixed prompt analysis plots...
[0;34m[INFO][0m   Removing old fixed_prompt_analysis plots...
[0;34m[INFO][0m   Copying new fixed_prompt_analysis plots...
/Users/piccoletto/Desktop/Everything/pisa/tesi/Sustainable-Code-Refactoring-with-LLMs/src/metrics/fixed_prompt_plots/appendix_v2_v3 -> /Users/piccoletto/Desktop/Everything/pisa/tesi/scrittura/plots/fixed_prompt_analysis/appendix_v2_v3
/Users/piccoletto/Desktop/Everything/pisa/tesi/Sustainable-Code-Refactoring-with-LLMs/src/metrics/fixed_prompt_plots/appendix_v2_v3/openAI_vv3_improvements_by_language_CPU_usage.png -> /Users/piccoletto/Desktop/Everything/pisa/tesi/scrittura/plots/fixed_prompt_analysis/appendix_v2_v3/openAI_vv3_improvements_by_language_CPU_usage.png
/Users/piccoletto/Desktop/Everything/pisa/tesi/Sustainable-Code-Refactoring-with-LLMs/src/metrics/fixed_prompt_plots/appendix_v2_v3/claude_vv2_improvements_by_language_execution_time_ms.png -> /Users/piccoletto/Desktop/Everything/pisa/tesi/scrittura/plots/fixed_prompt_analysis/appendix_v2_v3/claude_vv2_improvements_by_language_execution_time_ms.png
/Users/piccoletto/Desktop/Everything/pisa/tesi/Sustainable-Code-Refactoring-with-LLMs/src/metrics/fixed_prompt_plots/appendix_v2_v3/claude_vv3_improvements_by_language_RAM_usage.png -> /Users/piccoletto/Desktop/Everything/pisa/tesi/scrittura/plots/fixed_prompt_analysis/appendix_v2_v3/claude_vv3_improvements_by_language_RAM_usage.png
/Users/piccoletto/Desktop/Everything/pisa/tesi/Sustainable-Code-Refactoring-with-LLMs/src/metrics/fixed_prompt_plots/appendix_v2_v3/gemini_vv3_improvements_by_language_execution_time_ms.png -> /Users/piccoletto/Desktop/Everything/pisa/tesi/scrittura/plots/fixed_prompt_analysis/appendix_v2_v3/gemini_vv3_improvements_by_language_execution_time_ms.png
/Users/piccoletto/Desktop/Everything/pisa/tesi/Sustainable-Code-Refactoring-with-LLMs/src/metrics/fixed_prompt_plots/appendix_v2_v3/openAI_vv3_improvements_by_language_pass_rate.png -> /Users/piccoletto/Desktop/Everything/pisa/tesi/scrittura/plots/fixed_prompt_analysis/appendix_v2_v3/openAI_vv3_improvements_by_language_pass_rate.png
/Users/piccoletto/Desktop/Everything/pisa/tesi/Sustainable-Code-Refactoring-with-LLMs/src/metrics/fixed_prompt_plots/appendix_v2_v3/gemini_vv3_improvements_by_language_pass_rate.png -> /Users/piccoletto/Desktop/Everything/pisa/tesi/scrittura/plots/fixed_prompt_analysis/appendix_v2_v3/gemini_vv3_improvements_by_language_pass_rate.png
/Users/piccoletto/Desktop/Everything/pisa/tesi/Sustainable-Code-Refactoring-with-LLMs/src/metrics/fixed_prompt_plots/appendix_v2_v3/gemini_vv3_improvements_by_language_CPU_usage.png -> /Users/piccoletto/Desktop/Everything/pisa/tesi/scrittura/plots/fixed_prompt_analysis/appendix_v2_v3/gemini_vv3_improvements_by_language_CPU_usage.png
/Users/piccoletto/Desktop/Everything/pisa/tesi/Sustainable-Code-Refactoring-with-LLMs/src/metrics/fixed_prompt_plots/appendix_v2_v3/gemini_vv2_improvements_by_language_energy_joules.png -> /Users/piccoletto/Desktop/Everything/pisa/tesi/scrittura/plots/fixed_prompt_analysis/appendix_v2_v3/gemini_vv2_improvements_by_language_energy_joules.png
/Users/piccoletto/Desktop/Everything/pisa/tesi/Sustainable-Code-Refactoring-with-LLMs/src/metrics/fixed_prompt_plots/appendix_v2_v3/claude_vv2_improvements_by_language_pass_rate.png -> /Users/piccoletto/Desktop/Everything/pisa/tesi/scrittura/plots/fixed_prompt_analysis/appendix_v2_v3/claude_vv2_improvements_by_language_pass_rate.png
/Users/piccoletto/Desktop/Everything/pisa/tesi/Sustainable-Code-Refactoring-with-LLMs/src/metrics/fixed_prompt_plots/appendix_v2_v3/openAI_vv2_improvements_by_language_RAM_usage.png -> /Users/piccoletto/Desktop/Everything/pisa/tesi/scrittura/plots/fixed_prompt_analysis/appendix_v2_v3/openAI_vv2_improvements_by_language_RAM_usage.png
/Users/piccoletto/Desktop/Everything/pisa/tesi/Sustainable-Code-Refactoring-with-LLMs/src/metrics/fixed_prompt_plots/appendix_v2_v3/openAI_vv2_improvements_by_language_execution_time_ms.png -> /Users/piccoletto/Desktop/Everything/pisa/tesi/scrittura/plots/fixed_prompt_analysis/appendix_v2_v3/openAI_vv2_improvements_by_language_execution_time_ms.png
/Users/piccoletto/Desktop/Everything/pisa/tesi/Sustainable-Code-Refactoring-with-LLMs/src/metrics/fixed_prompt_plots/appendix_v2_v3/claude_vv2_improvements_by_language_CPU_usage.png -> /Users/piccoletto/Desktop/Everything/pisa/tesi/scrittura/plots/fixed_prompt_analysis/appendix_v2_v3/claude_vv2_improvements_by_language_CPU_usage.png
/Users/piccoletto/Desktop/Everything/pisa/tesi/Sustainable-Code-Refactoring-with-LLMs/src/metrics/fixed_prompt_plots/appendix_v2_v3/gemini_vv2_improvements_by_language_RAM_usage.png -> /Users/piccoletto/Desktop/Everything/pisa/tesi/scrittura/plots/fixed_prompt_analysis/appendix_v2_v3/gemini_vv2_improvements_by_language_RAM_usage.png
/Users/piccoletto/Desktop/Everything/pisa/tesi/Sustainable-Code-Refactoring-with-LLMs/src/metrics/fixed_prompt_plots/appendix_v2_v3/gemini_vv3_improvements_by_language_energy_joules.png -> /Users/piccoletto/Desktop/Everything/pisa/tesi/scrittura/plots/fixed_prompt_analysis/appendix_v2_v3/gemini_vv3_improvements_by_language_energy_joules.png
/Users/piccoletto/Desktop/Everything/pisa/tesi/Sustainable-Code-Refactoring-with-LLMs/src/metrics/fixed_prompt_plots/appendix_v2_v3/claude_vv3_improvements_by_language_energy_joules.png -> /Users/piccoletto/Desktop/Everything/pisa/tesi/scrittura/plots/fixed_prompt_analysis/appendix_v2_v3/claude_vv3_improvements_by_language_energy_joules.png
/Users/piccoletto/Desktop/Everything/pisa/tesi/Sustainable-Code-Refactoring-with-LLMs/src/metrics/fixed_prompt_plots/appendix_v2_v3/gemini_vv3_improvements_by_language_RAM_usage.png -> /Users/piccoletto/Desktop/Everything/pisa/tesi/scrittura/plots/fixed_prompt_analysis/appendix_v2_v3/gemini_vv3_improvements_by_language_RAM_usage.png
/Users/piccoletto/Desktop/Everything/pisa/tesi/Sustainable-Code-Refactoring-with-LLMs/src/metrics/fixed_prompt_plots/appendix_v2_v3/openAI_vv2_improvements_by_language_energy_joules.png -> /Users/piccoletto/Desktop/Everything/pisa/tesi/scrittura/plots/fixed_prompt_analysis/appendix_v2_v3/openAI_vv2_improvements_by_language_energy_joules.png
/Users/piccoletto/Desktop/Everything/pisa/tesi/Sustainable-Code-Refactoring-with-LLMs/src/metrics/fixed_prompt_plots/appendix_v2_v3/openAI_vv3_improvements_by_language_RAM_usage.png -> /Users/piccoletto/Desktop/Everything/pisa/tesi/scrittura/plots/fixed_prompt_analysis/appendix_v2_v3/openAI_vv3_improvements_by_language_RAM_usage.png
/Users/piccoletto/Desktop/Everything/pisa/tesi/Sustainable-Code-Refactoring-with-LLMs/src/metrics/fixed_prompt_plots/appendix_v2_v3/claude_vv3_improvements_by_language_CPU_usage.png -> /Users/piccoletto/Desktop/Everything/pisa/tesi/scrittura/plots/fixed_prompt_analysis/appendix_v2_v3/claude_vv3_improvements_by_language_CPU_usage.png
/Users/piccoletto/Desktop/Everything/pisa/tesi/Sustainable-Code-Refactoring-with-LLMs/src/metrics/fixed_prompt_plots/appendix_v2_v3/openAI_vv3_improvements_by_language_execution_time_ms.png -> /Users/piccoletto/Desktop/Everything/pisa/tesi/scrittura/plots/fixed_prompt_analysis/appendix_v2_v3/openAI_vv3_improvements_by_language_execution_time_ms.png
/Users/piccoletto/Desktop/Everything/pisa/tesi/Sustainable-Code-Refactoring-with-LLMs/src/metrics/fixed_prompt_plots/appendix_v2_v3/claude_vv3_improvements_by_language_pass_rate.png -> /Users/piccoletto/Desktop/Everything/pisa/tesi/scrittura/plots/fixed_prompt_analysis/appendix_v2_v3/claude_vv3_improvements_by_language_pass_rate.png
/Users/piccoletto/Desktop/Everything/pisa/tesi/Sustainable-Code-Refactoring-with-LLMs/src/metrics/fixed_prompt_plots/appendix_v2_v3/claude_vv2_improvements_by_language_energy_joules.png -> /Users/piccoletto/Desktop/Everything/pisa/tesi/scrittura/plots/fixed_prompt_analysis/appendix_v2_v3/claude_vv2_improvements_by_language_energy_joules.png
/Users/piccoletto/Desktop/Everything/pisa/tesi/Sustainable-Code-Refactoring-with-LLMs/src/metrics/fixed_prompt_plots/appendix_v2_v3/gemini_vv2_improvements_by_language_CPU_usage.png -> /Users/piccoletto/Desktop/Everything/pisa/tesi/scrittura/plots/fixed_prompt_analysis/appendix_v2_v3/gemini_vv2_improvements_by_language_CPU_usage.png
/Users/piccoletto/Desktop/Everything/pisa/tesi/Sustainable-Code-Refactoring-with-LLMs/src/metrics/fixed_prompt_plots/appendix_v2_v3/gemini_vv2_improvements_by_language_pass_rate.png -> /Users/piccoletto/Desktop/Everything/pisa/tesi/scrittura/plots/fixed_prompt_analysis/appendix_v2_v3/gemini_vv2_improvements_by_language_pass_rate.png
/Users/piccoletto/Desktop/Everything/pisa/tesi/Sustainable-Code-Refactoring-with-LLMs/src/metrics/fixed_prompt_plots/appendix_v2_v3/openAI_vv3_improvements_by_language_energy_joules.png -> /Users/piccoletto/Desktop/Everything/pisa/tesi/scrittura/plots/fixed_prompt_analysis/appendix_v2_v3/openAI_vv3_improvements_by_language_energy_joules.png
/Users/piccoletto/Desktop/Everything/pisa/tesi/Sustainable-Code-Refactoring-with-LLMs/src/metrics/fixed_prompt_plots/appendix_v2_v3/gemini_vv2_improvements_by_language_execution_time_ms.png -> /Users/piccoletto/Desktop/Everything/pisa/tesi/scrittura/plots/fixed_prompt_analysis/appendix_v2_v3/gemini_vv2_improvements_by_language_execution_time_ms.png
/Users/piccoletto/Desktop/Everything/pisa/tesi/Sustainable-Code-Refactoring-with-LLMs/src/metrics/fixed_prompt_plots/appendix_v2_v3/openAI_vv2_improvements_by_language_pass_rate.png -> /Users/piccoletto/Desktop/Everything/pisa/tesi/scrittura/plots/fixed_prompt_analysis/appendix_v2_v3/openAI_vv2_improvements_by_language_pass_rate.png
/Users/piccoletto/Desktop/Everything/pisa/tesi/Sustainable-Code-Refactoring-with-LLMs/src/metrics/fixed_prompt_plots/appendix_v2_v3/claude_vv3_improvements_by_language_execution_time_ms.png -> /Users/piccoletto/Desktop/Everything/pisa/tesi/scrittura/plots/fixed_prompt_analysis/appendix_v2_v3/claude_vv3_improvements_by_language_execution_time_ms.png
/Users/piccoletto/Desktop/Everything/pisa/tesi/Sustainable-Code-Refactoring-with-LLMs/src/metrics/fixed_prompt_plots/appendix_v2_v3/openAI_vv2_improvements_by_language_CPU_usage.png -> /Users/piccoletto/Desktop/Everything/pisa/tesi/scrittura/plots/fixed_prompt_analysis/appendix_v2_v3/openAI_vv2_improvements_by_language_CPU_usage.png
/Users/piccoletto/Desktop/Everything/pisa/tesi/Sustainable-Code-Refactoring-with-LLMs/src/metrics/fixed_prompt_plots/appendix_v2_v3/claude_vv2_improvements_by_language_RAM_usage.png -> /Users/piccoletto/Desktop/Everything/pisa/tesi/scrittura/plots/fixed_prompt_analysis/appendix_v2_v3/claude_vv2_improvements_by_language_RAM_usage.png
/Users/piccoletto/Desktop/Everything/pisa/tesi/Sustainable-Code-Refactoring-with-LLMs/src/metrics/fixed_prompt_plots/v1_only -> /Users/piccoletto/Desktop/Everything/pisa/tesi/scrittura/plots/fixed_prompt_analysis/v1_only
/Users/piccoletto/Desktop/Everything/pisa/tesi/Sustainable-Code-Refactoring-with-LLMs/src/metrics/fixed_prompt_plots/v1_only/improvement_frequency_distribution_v1_pass_rate.png -> /Users/piccoletto/Desktop/Everything/pisa/tesi/scrittura/plots/fixed_prompt_analysis/v1_only/improvement_frequency_distribution_v1_pass_rate.png
/Users/piccoletto/Desktop/Everything/pisa/tesi/Sustainable-Code-Refactoring-with-LLMs/src/metrics/fixed_prompt_plots/v1_only/improvements_by_language_v1_execution_time_ms.png -> /Users/piccoletto/Desktop/Everything/pisa/tesi/scrittura/plots/fixed_prompt_analysis/v1_only/improvements_by_language_v1_execution_time_ms.png
/Users/piccoletto/Desktop/Everything/pisa/tesi/Sustainable-Code-Refactoring-with-LLMs/src/metrics/fixed_prompt_plots/v1_only/improvement_frequency_distribution_v1_CPU_usage.png -> /Users/piccoletto/Desktop/Everything/pisa/tesi/scrittura/plots/fixed_prompt_analysis/v1_only/improvement_frequency_distribution_v1_CPU_usage.png
/Users/piccoletto/Desktop/Everything/pisa/tesi/Sustainable-Code-Refactoring-with-LLMs/src/metrics/fixed_prompt_plots/v1_only/improvements_by_model_v1_energy_joules.png -> /Users/piccoletto/Desktop/Everything/pisa/tesi/scrittura/plots/fixed_prompt_analysis/v1_only/improvements_by_model_v1_energy_joules.png
/Users/piccoletto/Desktop/Everything/pisa/tesi/Sustainable-Code-Refactoring-with-LLMs/src/metrics/fixed_prompt_plots/v1_only/improvements_by_model_v1_RAM_usage.png -> /Users/piccoletto/Desktop/Everything/pisa/tesi/scrittura/plots/fixed_prompt_analysis/v1_only/improvements_by_model_v1_RAM_usage.png
/Users/piccoletto/Desktop/Everything/pisa/tesi/Sustainable-Code-Refactoring-with-LLMs/src/metrics/fixed_prompt_plots/v1_only/improvements_by_language_v1_CPU_usage.png -> /Users/piccoletto/Desktop/Everything/pisa/tesi/scrittura/plots/fixed_prompt_analysis/v1_only/improvements_by_language_v1_CPU_usage.png
/Users/piccoletto/Desktop/Everything/pisa/tesi/Sustainable-Code-Refactoring-with-LLMs/src/metrics/fixed_prompt_plots/v1_only/improvement_frequency_distribution_v1_energy_joules.png -> /Users/piccoletto/Desktop/Everything/pisa/tesi/scrittura/plots/fixed_prompt_analysis/v1_only/improvement_frequency_distribution_v1_energy_joules.png
/Users/piccoletto/Desktop/Everything/pisa/tesi/Sustainable-Code-Refactoring-with-LLMs/src/metrics/fixed_prompt_plots/v1_only/claude_vv1_improvements_by_language_CPU_usage.png -> /Users/piccoletto/Desktop/Everything/pisa/tesi/scrittura/plots/fixed_prompt_analysis/v1_only/claude_vv1_improvements_by_language_CPU_usage.png
/Users/piccoletto/Desktop/Everything/pisa/tesi/Sustainable-Code-Refactoring-with-LLMs/src/metrics/fixed_prompt_plots/v1_only/openAI_vv1_improvements_by_language_RAM_usage.png -> /Users/piccoletto/Desktop/Everything/pisa/tesi/scrittura/plots/fixed_prompt_analysis/v1_only/openAI_vv1_improvements_by_language_RAM_usage.png
/Users/piccoletto/Desktop/Everything/pisa/tesi/Sustainable-Code-Refactoring-with-LLMs/src/metrics/fixed_prompt_plots/v1_only/gemini_vv1_improvements_by_language_energy_joules.png -> /Users/piccoletto/Desktop/Everything/pisa/tesi/scrittura/plots/fixed_prompt_analysis/v1_only/gemini_vv1_improvements_by_language_energy_joules.png
/Users/piccoletto/Desktop/Everything/pisa/tesi/Sustainable-Code-Refactoring-with-LLMs/src/metrics/fixed_prompt_plots/v1_only/claude_vv1_improvements_by_language_pass_rate.png -> /Users/piccoletto/Desktop/Everything/pisa/tesi/scrittura/plots/fixed_prompt_analysis/v1_only/claude_vv1_improvements_by_language_pass_rate.png
/Users/piccoletto/Desktop/Everything/pisa/tesi/Sustainable-Code-Refactoring-with-LLMs/src/metrics/fixed_prompt_plots/v1_only/improvements_by_language_v1_pass_rate.png -> /Users/piccoletto/Desktop/Everything/pisa/tesi/scrittura/plots/fixed_prompt_analysis/v1_only/improvements_by_language_v1_pass_rate.png
/Users/piccoletto/Desktop/Everything/pisa/tesi/Sustainable-Code-Refactoring-with-LLMs/src/metrics/fixed_prompt_plots/v1_only/gemini_vv1_improvements_by_language_execution_time_ms.png -> /Users/piccoletto/Desktop/Everything/pisa/tesi/scrittura/plots/fixed_prompt_analysis/v1_only/gemini_vv1_improvements_by_language_execution_time_ms.png
/Users/piccoletto/Desktop/Everything/pisa/tesi/Sustainable-Code-Refactoring-with-LLMs/src/metrics/fixed_prompt_plots/v1_only/gemini_vv1_improvements_by_language_RAM_usage.png -> /Users/piccoletto/Desktop/Everything/pisa/tesi/scrittura/plots/fixed_prompt_analysis/v1_only/gemini_vv1_improvements_by_language_RAM_usage.png
/Users/piccoletto/Desktop/Everything/pisa/tesi/Sustainable-Code-Refactoring-with-LLMs/src/metrics/fixed_prompt_plots/v1_only/improvements_by_model_v1_execution_time_ms.png -> /Users/piccoletto/Desktop/Everything/pisa/tesi/scrittura/plots/fixed_prompt_analysis/v1_only/improvements_by_model_v1_execution_time_ms.png
/Users/piccoletto/Desktop/Everything/pisa/tesi/Sustainable-Code-Refactoring-with-LLMs/src/metrics/fixed_prompt_plots/v1_only/claude_vv1_improvements_by_language_execution_time_ms.png -> /Users/piccoletto/Desktop/Everything/pisa/tesi/scrittura/plots/fixed_prompt_analysis/v1_only/claude_vv1_improvements_by_language_execution_time_ms.png
/Users/piccoletto/Desktop/Everything/pisa/tesi/Sustainable-Code-Refactoring-with-LLMs/src/metrics/fixed_prompt_plots/v1_only/improvements_by_model_v1_CPU_usage.png -> /Users/piccoletto/Desktop/Everything/pisa/tesi/scrittura/plots/fixed_prompt_analysis/v1_only/improvements_by_model_v1_CPU_usage.png
/Users/piccoletto/Desktop/Everything/pisa/tesi/Sustainable-Code-Refactoring-with-LLMs/src/metrics/fixed_prompt_plots/v1_only/improvements_by_language_v1_energy_joules.png -> /Users/piccoletto/Desktop/Everything/pisa/tesi/scrittura/plots/fixed_prompt_analysis/v1_only/improvements_by_language_v1_energy_joules.png
/Users/piccoletto/Desktop/Everything/pisa/tesi/Sustainable-Code-Refactoring-with-LLMs/src/metrics/fixed_prompt_plots/v1_only/improvements_by_model_v1_pass_rate.png -> /Users/piccoletto/Desktop/Everything/pisa/tesi/scrittura/plots/fixed_prompt_analysis/v1_only/improvements_by_model_v1_pass_rate.png
/Users/piccoletto/Desktop/Everything/pisa/tesi/Sustainable-Code-Refactoring-with-LLMs/src/metrics/fixed_prompt_plots/v1_only/improvement_frequency_distribution_v1_RAM_usage.png -> /Users/piccoletto/Desktop/Everything/pisa/tesi/scrittura/plots/fixed_prompt_analysis/v1_only/improvement_frequency_distribution_v1_RAM_usage.png
/Users/piccoletto/Desktop/Everything/pisa/tesi/Sustainable-Code-Refactoring-with-LLMs/src/metrics/fixed_prompt_plots/v1_only/improvement_frequency_distribution_v1_execution_time_ms.png -> /Users/piccoletto/Desktop/Everything/pisa/tesi/scrittura/plots/fixed_prompt_analysis/v1_only/improvement_frequency_distribution_v1_execution_time_ms.png
/Users/piccoletto/Desktop/Everything/pisa/tesi/Sustainable-Code-Refactoring-with-LLMs/src/metrics/fixed_prompt_plots/v1_only/claude_vv1_improvements_by_language_energy_joules.png -> /Users/piccoletto/Desktop/Everything/pisa/tesi/scrittura/plots/fixed_prompt_analysis/v1_only/claude_vv1_improvements_by_language_energy_joules.png
/Users/piccoletto/Desktop/Everything/pisa/tesi/Sustainable-Code-Refactoring-with-LLMs/src/metrics/fixed_prompt_plots/v1_only/gemini_vv1_improvements_by_language_pass_rate.png -> /Users/piccoletto/Desktop/Everything/pisa/tesi/scrittura/plots/fixed_prompt_analysis/v1_only/gemini_vv1_improvements_by_language_pass_rate.png
/Users/piccoletto/Desktop/Everything/pisa/tesi/Sustainable-Code-Refactoring-with-LLMs/src/metrics/fixed_prompt_plots/v1_only/gemini_vv1_improvements_by_language_CPU_usage.png -> /Users/piccoletto/Desktop/Everything/pisa/tesi/scrittura/plots/fixed_prompt_analysis/v1_only/gemini_vv1_improvements_by_language_CPU_usage.png
/Users/piccoletto/Desktop/Everything/pisa/tesi/Sustainable-Code-Refactoring-with-LLMs/src/metrics/fixed_prompt_plots/v1_only/openAI_vv1_improvements_by_language_execution_time_ms.png -> /Users/piccoletto/Desktop/Everything/pisa/tesi/scrittura/plots/fixed_prompt_analysis/v1_only/openAI_vv1_improvements_by_language_execution_time_ms.png
/Users/piccoletto/Desktop/Everything/pisa/tesi/Sustainable-Code-Refactoring-with-LLMs/src/metrics/fixed_prompt_plots/v1_only/improvements_by_language_v1_RAM_usage.png -> /Users/piccoletto/Desktop/Everything/pisa/tesi/scrittura/plots/fixed_prompt_analysis/v1_only/improvements_by_language_v1_RAM_usage.png
/Users/piccoletto/Desktop/Everything/pisa/tesi/Sustainable-Code-Refactoring-with-LLMs/src/metrics/fixed_prompt_plots/v1_only/claude_vv1_improvements_by_language_RAM_usage.png -> /Users/piccoletto/Desktop/Everything/pisa/tesi/scrittura/plots/fixed_prompt_analysis/v1_only/claude_vv1_improvements_by_language_RAM_usage.png
/Users/piccoletto/Desktop/Everything/pisa/tesi/Sustainable-Code-Refactoring-with-LLMs/src/metrics/fixed_prompt_plots/v1_only/openAI_vv1_improvements_by_language_energy_joules.png -> /Users/piccoletto/Desktop/Everything/pisa/tesi/scrittura/plots/fixed_prompt_analysis/v1_only/openAI_vv1_improvements_by_language_energy_joules.png
/Users/piccoletto/Desktop/Everything/pisa/tesi/Sustainable-Code-Refactoring-with-LLMs/src/metrics/fixed_prompt_plots/v1_only/openAI_vv1_improvements_by_language_CPU_usage.png -> /Users/piccoletto/Desktop/Everything/pisa/tesi/scrittura/plots/fixed_prompt_analysis/v1_only/openAI_vv1_improvements_by_language_CPU_usage.png
/Users/piccoletto/Desktop/Everything/pisa/tesi/Sustainable-Code-Refactoring-with-LLMs/src/metrics/fixed_prompt_plots/v1_only/openAI_vv1_improvements_by_language_pass_rate.png -> /Users/piccoletto/Desktop/Everything/pisa/tesi/scrittura/plots/fixed_prompt_analysis/v1_only/openAI_vv1_improvements_by_language_pass_rate.png
/Users/piccoletto/Desktop/Everything/pisa/tesi/Sustainable-Code-Refactoring-with-LLMs/src/metrics/fixed_prompt_plots/v1_vs_v4_comparison -> /Users/piccoletto/Desktop/Everything/pisa/tesi/scrittura/plots/fixed_prompt_analysis/v1_vs_v4_comparison
/Users/piccoletto/Desktop/Everything/pisa/tesi/Sustainable-Code-Refactoring-with-LLMs/src/metrics/fixed_prompt_plots/v1_vs_v4_comparison/gemini_v1_vs_v4_pass_rate_comparison.png -> /Users/piccoletto/Desktop/Everything/pisa/tesi/scrittura/plots/fixed_prompt_analysis/v1_vs_v4_comparison/gemini_v1_vs_v4_pass_rate_comparison.png
/Users/piccoletto/Desktop/Everything/pisa/tesi/Sustainable-Code-Refactoring-with-LLMs/src/metrics/fixed_prompt_plots/v1_vs_v4_comparison/openAI_v1_vs_v4_RAM_usage_comparison.png -> /Users/piccoletto/Desktop/Everything/pisa/tesi/scrittura/plots/fixed_prompt_analysis/v1_vs_v4_comparison/openAI_v1_vs_v4_RAM_usage_comparison.png
/Users/piccoletto/Desktop/Everything/pisa/tesi/Sustainable-Code-Refactoring-with-LLMs/src/metrics/fixed_prompt_plots/v1_vs_v4_comparison/openAI_v1_vs_v4_CPU_usage_comparison.png -> /Users/piccoletto/Desktop/Everything/pisa/tesi/scrittura/plots/fixed_prompt_analysis/v1_vs_v4_comparison/openAI_v1_vs_v4_CPU_usage_comparison.png
/Users/piccoletto/Desktop/Everything/pisa/tesi/Sustainable-Code-Refactoring-with-LLMs/src/metrics/fixed_prompt_plots/v1_vs_v4_comparison/openAI_v1_vs_v4_execution_time_ms_comparison.png -> /Users/piccoletto/Desktop/Everything/pisa/tesi/scrittura/plots/fixed_prompt_analysis/v1_vs_v4_comparison/openAI_v1_vs_v4_execution_time_ms_comparison.png
/Users/piccoletto/Desktop/Everything/pisa/tesi/Sustainable-Code-Refactoring-with-LLMs/src/metrics/fixed_prompt_plots/v1_vs_v4_comparison/claude_v1_vs_v4_RAM_usage_comparison.png -> /Users/piccoletto/Desktop/Everything/pisa/tesi/scrittura/plots/fixed_prompt_analysis/v1_vs_v4_comparison/claude_v1_vs_v4_RAM_usage_comparison.png
/Users/piccoletto/Desktop/Everything/pisa/tesi/Sustainable-Code-Refactoring-with-LLMs/src/metrics/fixed_prompt_plots/v1_vs_v4_comparison/claude_v1_vs_v4_CPU_usage_comparison.png -> /Users/piccoletto/Desktop/Everything/pisa/tesi/scrittura/plots/fixed_prompt_analysis/v1_vs_v4_comparison/claude_v1_vs_v4_CPU_usage_comparison.png
/Users/piccoletto/Desktop/Everything/pisa/tesi/Sustainable-Code-Refactoring-with-LLMs/src/metrics/fixed_prompt_plots/v1_vs_v4_comparison/gemini_v1_vs_v4_execution_time_ms_comparison.png -> /Users/piccoletto/Desktop/Everything/pisa/tesi/scrittura/plots/fixed_prompt_analysis/v1_vs_v4_comparison/gemini_v1_vs_v4_execution_time_ms_comparison.png
/Users/piccoletto/Desktop/Everything/pisa/tesi/Sustainable-Code-Refactoring-with-LLMs/src/metrics/fixed_prompt_plots/v1_vs_v4_comparison/claude_v1_vs_v4_execution_time_ms_comparison.png -> /Users/piccoletto/Desktop/Everything/pisa/tesi/scrittura/plots/fixed_prompt_analysis/v1_vs_v4_comparison/claude_v1_vs_v4_execution_time_ms_comparison.png
/Users/piccoletto/Desktop/Everything/pisa/tesi/Sustainable-Code-Refactoring-with-LLMs/src/metrics/fixed_prompt_plots/v1_vs_v4_comparison/openAI_v1_vs_v4_energy_joules_comparison.png -> /Users/piccoletto/Desktop/Everything/pisa/tesi/scrittura/plots/fixed_prompt_analysis/v1_vs_v4_comparison/openAI_v1_vs_v4_energy_joules_comparison.png
/Users/piccoletto/Desktop/Everything/pisa/tesi/Sustainable-Code-Refactoring-with-LLMs/src/metrics/fixed_prompt_plots/v1_vs_v4_comparison/claude_v1_vs_v4_pass_rate_comparison.png -> /Users/piccoletto/Desktop/Everything/pisa/tesi/scrittura/plots/fixed_prompt_analysis/v1_vs_v4_comparison/claude_v1_vs_v4_pass_rate_comparison.png
/Users/piccoletto/Desktop/Everything/pisa/tesi/Sustainable-Code-Refactoring-with-LLMs/src/metrics/fixed_prompt_plots/v1_vs_v4_comparison/claude_v1_vs_v4_energy_joules_comparison.png -> /Users/piccoletto/Desktop/Everything/pisa/tesi/scrittura/plots/fixed_prompt_analysis/v1_vs_v4_comparison/claude_v1_vs_v4_energy_joules_comparison.png
/Users/piccoletto/Desktop/Everything/pisa/tesi/Sustainable-Code-Refactoring-with-LLMs/src/metrics/fixed_prompt_plots/v1_vs_v4_comparison/openAI_v1_vs_v4_pass_rate_comparison.png -> /Users/piccoletto/Desktop/Everything/pisa/tesi/scrittura/plots/fixed_prompt_analysis/v1_vs_v4_comparison/openAI_v1_vs_v4_pass_rate_comparison.png
/Users/piccoletto/Desktop/Everything/pisa/tesi/Sustainable-Code-Refactoring-with-LLMs/src/metrics/fixed_prompt_plots/v1_vs_v4_comparison/gemini_v1_vs_v4_RAM_usage_comparison.png -> /Users/piccoletto/Desktop/Everything/pisa/tesi/scrittura/plots/fixed_prompt_analysis/v1_vs_v4_comparison/gemini_v1_vs_v4_RAM_usage_comparison.png
/Users/piccoletto/Desktop/Everything/pisa/tesi/Sustainable-Code-Refactoring-with-LLMs/src/metrics/fixed_prompt_plots/v1_vs_v4_comparison/gemini_v1_vs_v4_CPU_usage_comparison.png -> /Users/piccoletto/Desktop/Everything/pisa/tesi/scrittura/plots/fixed_prompt_analysis/v1_vs_v4_comparison/gemini_v1_vs_v4_CPU_usage_comparison.png
/Users/piccoletto/Desktop/Everything/pisa/tesi/Sustainable-Code-Refactoring-with-LLMs/src/metrics/fixed_prompt_plots/v1_vs_v4_comparison/gemini_v1_vs_v4_energy_joules_comparison.png -> /Users/piccoletto/Desktop/Everything/pisa/tesi/scrittura/plots/fixed_prompt_analysis/v1_vs_v4_comparison/gemini_v1_vs_v4_energy_joules_comparison.png
/Users/piccoletto/Desktop/Everything/pisa/tesi/Sustainable-Code-Refactoring-with-LLMs/src/metrics/fixed_prompt_plots/v4_only -> /Users/piccoletto/Desktop/Everything/pisa/tesi/scrittura/plots/fixed_prompt_analysis/v4_only
/Users/piccoletto/Desktop/Everything/pisa/tesi/Sustainable-Code-Refactoring-with-LLMs/src/metrics/fixed_prompt_plots/v4_only/improvements_by_model_v4_energy_joules.png -> /Users/piccoletto/Desktop/Everything/pisa/tesi/scrittura/plots/fixed_prompt_analysis/v4_only/improvements_by_model_v4_energy_joules.png
/Users/piccoletto/Desktop/Everything/pisa/tesi/Sustainable-Code-Refactoring-with-LLMs/src/metrics/fixed_prompt_plots/v4_only/improvements_by_language_v4_RAM_usage.png -> /Users/piccoletto/Desktop/Everything/pisa/tesi/scrittura/plots/fixed_prompt_analysis/v4_only/improvements_by_language_v4_RAM_usage.png
/Users/piccoletto/Desktop/Everything/pisa/tesi/Sustainable-Code-Refactoring-with-LLMs/src/metrics/fixed_prompt_plots/v4_only/claude_vv4_improvements_by_language_energy_joules.png -> /Users/piccoletto/Desktop/Everything/pisa/tesi/scrittura/plots/fixed_prompt_analysis/v4_only/claude_vv4_improvements_by_language_energy_joules.png
/Users/piccoletto/Desktop/Everything/pisa/tesi/Sustainable-Code-Refactoring-with-LLMs/src/metrics/fixed_prompt_plots/v4_only/improvements_by_model_v4_execution_time_ms.png -> /Users/piccoletto/Desktop/Everything/pisa/tesi/scrittura/plots/fixed_prompt_analysis/v4_only/improvements_by_model_v4_execution_time_ms.png
/Users/piccoletto/Desktop/Everything/pisa/tesi/Sustainable-Code-Refactoring-with-LLMs/src/metrics/fixed_prompt_plots/v4_only/gemini_vv4_improvements_by_language_execution_time_ms.png -> /Users/piccoletto/Desktop/Everything/pisa/tesi/scrittura/plots/fixed_prompt_analysis/v4_only/gemini_vv4_improvements_by_language_execution_time_ms.png
/Users/piccoletto/Desktop/Everything/pisa/tesi/Sustainable-Code-Refactoring-with-LLMs/src/metrics/fixed_prompt_plots/v4_only/improvement_frequency_distribution_v4_RAM_usage.png -> /Users/piccoletto/Desktop/Everything/pisa/tesi/scrittura/plots/fixed_prompt_analysis/v4_only/improvement_frequency_distribution_v4_RAM_usage.png
/Users/piccoletto/Desktop/Everything/pisa/tesi/Sustainable-Code-Refactoring-with-LLMs/src/metrics/fixed_prompt_plots/v4_only/improvement_frequency_distribution_v4_energy_joules.png -> /Users/piccoletto/Desktop/Everything/pisa/tesi/scrittura/plots/fixed_prompt_analysis/v4_only/improvement_frequency_distribution_v4_energy_joules.png
/Users/piccoletto/Desktop/Everything/pisa/tesi/Sustainable-Code-Refactoring-with-LLMs/src/metrics/fixed_prompt_plots/v4_only/gemini_vv4_improvements_by_language_RAM_usage.png -> /Users/piccoletto/Desktop/Everything/pisa/tesi/scrittura/plots/fixed_prompt_analysis/v4_only/gemini_vv4_improvements_by_language_RAM_usage.png
/Users/piccoletto/Desktop/Everything/pisa/tesi/Sustainable-Code-Refactoring-with-LLMs/src/metrics/fixed_prompt_plots/v4_only/openAI_vv4_improvements_by_language_RAM_usage.png -> /Users/piccoletto/Desktop/Everything/pisa/tesi/scrittura/plots/fixed_prompt_analysis/v4_only/openAI_vv4_improvements_by_language_RAM_usage.png
/Users/piccoletto/Desktop/Everything/pisa/tesi/Sustainable-Code-Refactoring-with-LLMs/src/metrics/fixed_prompt_plots/v4_only/claude_vv4_improvements_by_language_CPU_usage.png -> /Users/piccoletto/Desktop/Everything/pisa/tesi/scrittura/plots/fixed_prompt_analysis/v4_only/claude_vv4_improvements_by_language_CPU_usage.png
/Users/piccoletto/Desktop/Everything/pisa/tesi/Sustainable-Code-Refactoring-with-LLMs/src/metrics/fixed_prompt_plots/v4_only/improvements_by_model_v4_CPU_usage.png -> /Users/piccoletto/Desktop/Everything/pisa/tesi/scrittura/plots/fixed_prompt_analysis/v4_only/improvements_by_model_v4_CPU_usage.png
/Users/piccoletto/Desktop/Everything/pisa/tesi/Sustainable-Code-Refactoring-with-LLMs/src/metrics/fixed_prompt_plots/v4_only/improvement_frequency_distribution_v4_execution_time_ms.png -> /Users/piccoletto/Desktop/Everything/pisa/tesi/scrittura/plots/fixed_prompt_analysis/v4_only/improvement_frequency_distribution_v4_execution_time_ms.png
/Users/piccoletto/Desktop/Everything/pisa/tesi/Sustainable-Code-Refactoring-with-LLMs/src/metrics/fixed_prompt_plots/v4_only/openAI_vv4_improvements_by_language_energy_joules.png -> /Users/piccoletto/Desktop/Everything/pisa/tesi/scrittura/plots/fixed_prompt_analysis/v4_only/openAI_vv4_improvements_by_language_energy_joules.png
/Users/piccoletto/Desktop/Everything/pisa/tesi/Sustainable-Code-Refactoring-with-LLMs/src/metrics/fixed_prompt_plots/v4_only/improvements_by_model_v4_pass_rate.png -> /Users/piccoletto/Desktop/Everything/pisa/tesi/scrittura/plots/fixed_prompt_analysis/v4_only/improvements_by_model_v4_pass_rate.png
/Users/piccoletto/Desktop/Everything/pisa/tesi/Sustainable-Code-Refactoring-with-LLMs/src/metrics/fixed_prompt_plots/v4_only/claude_vv4_improvements_by_language_pass_rate.png -> /Users/piccoletto/Desktop/Everything/pisa/tesi/scrittura/plots/fixed_prompt_analysis/v4_only/claude_vv4_improvements_by_language_pass_rate.png
/Users/piccoletto/Desktop/Everything/pisa/tesi/Sustainable-Code-Refactoring-with-LLMs/src/metrics/fixed_prompt_plots/v4_only/improvements_by_language_v4_energy_joules.png -> /Users/piccoletto/Desktop/Everything/pisa/tesi/scrittura/plots/fixed_prompt_analysis/v4_only/improvements_by_language_v4_energy_joules.png
/Users/piccoletto/Desktop/Everything/pisa/tesi/Sustainable-Code-Refactoring-with-LLMs/src/metrics/fixed_prompt_plots/v4_only/improvements_by_language_v4_CPU_usage.png -> /Users/piccoletto/Desktop/Everything/pisa/tesi/scrittura/plots/fixed_prompt_analysis/v4_only/improvements_by_language_v4_CPU_usage.png
/Users/piccoletto/Desktop/Everything/pisa/tesi/Sustainable-Code-Refactoring-with-LLMs/src/metrics/fixed_prompt_plots/v4_only/claude_vv4_improvements_by_language_execution_time_ms.png -> /Users/piccoletto/Desktop/Everything/pisa/tesi/scrittura/plots/fixed_prompt_analysis/v4_only/claude_vv4_improvements_by_language_execution_time_ms.png
/Users/piccoletto/Desktop/Everything/pisa/tesi/Sustainable-Code-Refactoring-with-LLMs/src/metrics/fixed_prompt_plots/v4_only/improvements_by_language_v4_pass_rate.png -> /Users/piccoletto/Desktop/Everything/pisa/tesi/scrittura/plots/fixed_prompt_analysis/v4_only/improvements_by_language_v4_pass_rate.png
/Users/piccoletto/Desktop/Everything/pisa/tesi/Sustainable-Code-Refactoring-with-LLMs/src/metrics/fixed_prompt_plots/v4_only/openAI_vv4_improvements_by_language_CPU_usage.png -> /Users/piccoletto/Desktop/Everything/pisa/tesi/scrittura/plots/fixed_prompt_analysis/v4_only/openAI_vv4_improvements_by_language_CPU_usage.png
/Users/piccoletto/Desktop/Everything/pisa/tesi/Sustainable-Code-Refactoring-with-LLMs/src/metrics/fixed_prompt_plots/v4_only/claude_vv4_improvements_by_language_RAM_usage.png -> /Users/piccoletto/Desktop/Everything/pisa/tesi/scrittura/plots/fixed_prompt_analysis/v4_only/claude_vv4_improvements_by_language_RAM_usage.png
/Users/piccoletto/Desktop/Everything/pisa/tesi/Sustainable-Code-Refactoring-with-LLMs/src/metrics/fixed_prompt_plots/v4_only/improvements_by_model_v4_RAM_usage.png -> /Users/piccoletto/Desktop/Everything/pisa/tesi/scrittura/plots/fixed_prompt_analysis/v4_only/improvements_by_model_v4_RAM_usage.png
/Users/piccoletto/Desktop/Everything/pisa/tesi/Sustainable-Code-Refactoring-with-LLMs/src/metrics/fixed_prompt_plots/v4_only/gemini_vv4_improvements_by_language_energy_joules.png -> /Users/piccoletto/Desktop/Everything/pisa/tesi/scrittura/plots/fixed_prompt_analysis/v4_only/gemini_vv4_improvements_by_language_energy_joules.png
/Users/piccoletto/Desktop/Everything/pisa/tesi/Sustainable-Code-Refactoring-with-LLMs/src/metrics/fixed_prompt_plots/v4_only/openAI_vv4_improvements_by_language_pass_rate.png -> /Users/piccoletto/Desktop/Everything/pisa/tesi/scrittura/plots/fixed_prompt_analysis/v4_only/openAI_vv4_improvements_by_language_pass_rate.png
/Users/piccoletto/Desktop/Everything/pisa/tesi/Sustainable-Code-Refactoring-with-LLMs/src/metrics/fixed_prompt_plots/v4_only/improvements_by_language_v4_execution_time_ms.png -> /Users/piccoletto/Desktop/Everything/pisa/tesi/scrittura/plots/fixed_prompt_analysis/v4_only/improvements_by_language_v4_execution_time_ms.png
/Users/piccoletto/Desktop/Everything/pisa/tesi/Sustainable-Code-Refactoring-with-LLMs/src/metrics/fixed_prompt_plots/v4_only/improvement_frequency_distribution_v4_pass_rate.png -> /Users/piccoletto/Desktop/Everything/pisa/tesi/scrittura/plots/fixed_prompt_analysis/v4_only/improvement_frequency_distribution_v4_pass_rate.png
/Users/piccoletto/Desktop/Everything/pisa/tesi/Sustainable-Code-Refactoring-with-LLMs/src/metrics/fixed_prompt_plots/v4_only/gemini_vv4_improvements_by_language_pass_rate.png -> /Users/piccoletto/Desktop/Everything/pisa/tesi/scrittura/plots/fixed_prompt_analysis/v4_only/gemini_vv4_improvements_by_language_pass_rate.png
/Users/piccoletto/Desktop/Everything/pisa/tesi/Sustainable-Code-Refactoring-with-LLMs/src/metrics/fixed_prompt_plots/v4_only/openAI_vv4_improvements_by_language_execution_time_ms.png -> /Users/piccoletto/Desktop/Everything/pisa/tesi/scrittura/plots/fixed_prompt_analysis/v4_only/openAI_vv4_improvements_by_language_execution_time_ms.png
/Users/piccoletto/Desktop/Everything/pisa/tesi/Sustainable-Code-Refactoring-with-LLMs/src/metrics/fixed_prompt_plots/v4_only/improvement_frequency_distribution_v4_CPU_usage.png -> /Users/piccoletto/Desktop/Everything/pisa/tesi/scrittura/plots/fixed_prompt_analysis/v4_only/improvement_frequency_distribution_v4_CPU_usage.png
/Users/piccoletto/Desktop/Everything/pisa/tesi/Sustainable-Code-Refactoring-with-LLMs/src/metrics/fixed_prompt_plots/v4_only/gemini_vv4_improvements_by_language_CPU_usage.png -> /Users/piccoletto/Desktop/Everything/pisa/tesi/scrittura/plots/fixed_prompt_analysis/v4_only/gemini_vv4_improvements_by_language_CPU_usage.png
[0;32m[SUCCESS][0m   Copied 105 fixed prompt analysis plot files
[0;32m[SUCCESS][0m All plots copied to scrittura/plots/
[0;34m[INFO][0m [8/8] Converting PNG plots to PDF for LaTeX inclusion...
2025-11-17 13:08:07,742 - INFO - PlotConverterEnhanced initialized
2025-11-17 13:08:07,742 - INFO -   Source: /Users/piccoletto/Desktop/Everything/pisa/tesi/scrittura/plots
2025-11-17 13:08:07,742 - INFO -   Destination: /Users/piccoletto/Desktop/Everything/pisa/tesi/scrittura/plots_pdf
2025-11-17 13:08:07,742 - INFO - ================================================================================
2025-11-17 13:08:07,742 - INFO - Starting PNG to PDF Conversion with Chapter Organization
2025-11-17 13:08:07,742 - INFO - ================================================================================
2025-11-17 13:08:07,743 - INFO - Found 224 PNG files to process
2025-11-17 13:08:07,843 - INFO -   ✓ F9_java_heatmap → appendix/F9_java_heatmap.pdf
2025-11-17 13:08:07,951 - INFO -   ✓ F3_ram_all_patterns → chapter_5_discussion/F3_ram_all_patterns.pdf
2025-11-17 13:08:07,994 - INFO -   ✓ Fig6_generic_heatmap → appendix/Fig6_generic_heatmap.pdf
2025-11-17 13:08:08,052 - INFO -   ✓ F5_pattern_distribution → chapter_5_discussion/F5_pattern_distribution.pdf
2025-11-17 13:08:08,124 - INFO -   ✓ Fig_CaseStudy_1_Metrics → appendix/Fig_CaseStudy_1_Metrics.pdf
2025-11-17 13:08:08,164 - INFO -   ✓ F7_c_heatmap → chapter_5_discussion/F7_c_heatmap.pdf
2025-11-17 13:08:08,268 - INFO -   ✓ F2_cpu_all_patterns → chapter_5_discussion/F2_cpu_all_patterns.pdf
2025-11-17 13:08:08,352 - INFO -   ✓ Fig13_top_patterns → chapter_5_discussion/Fig13_top_patterns.pdf
2025-11-17 13:08:08,424 - INFO -   ✓ Fig_CaseStudy_2_Metrics → appendix/Fig_CaseStudy_2_Metrics.pdf
2025-11-17 13:08:08,466 - INFO -   ✓ F11_python_heatmap → appendix/F11_python_heatmap.pdf
2025-11-17 13:08:08,509 - INFO -   ✓ F8_java_heatmap → chapter_5_discussion/F8_java_heatmap.pdf
2025-11-17 13:08:08,553 - INFO -   ✓ F6_generic_heatmap → chapter_5_discussion/F6_generic_heatmap.pdf
2025-11-17 13:08:08,655 - INFO -   ✓ F4_time_all_patterns → chapter_5_discussion/F4_time_all_patterns.pdf
2025-11-17 13:08:08,705 - INFO -   ✓ Fig1_cluster_selection → appendix/Fig1_cluster_selection.pdf
2025-11-17 13:08:08,746 - INFO -   ✓ F8_go_heatmap → appendix/F8_go_heatmap.pdf
2025-11-17 13:08:08,829 - INFO -   ✓ generic_patterns_distribution → chapter_5_discussion/generic_patterns_distribution.pdf
2025-11-17 13:08:08,907 - INFO -   ✓ Fig5_pattern_distribution → appendix/Fig5_pattern_distribution.pdf
2025-11-17 13:08:08,967 - INFO -   ✓ F9_javascript_ts_heatmap → chapter_5_discussion/F9_javascript_ts_heatmap.pdf
2025-11-17 13:08:09,011 - INFO -   ✓ F10_python_heatmap → chapter_5_discussion/F10_python_heatmap.pdf
2025-11-17 13:08:09,086 - INFO -   ✓ Fig_CaseStudy_3_Metrics → appendix/Fig_CaseStudy_3_Metrics.pdf
2025-11-17 13:08:09,128 - INFO -   ✓ F10_javascript_ts_heatmap → appendix/F10_javascript_ts_heatmap.pdf
2025-11-17 13:08:09,190 - INFO -   ✓ language_pass_rate_by_model → chapter_4_results/language_pass_rate_by_model.pdf
2025-11-17 13:08:09,251 - INFO -   ✓ language_pass_rate_aggregated → chapter_4_results/language_pass_rate_aggregated.pdf
2025-11-17 13:08:09,278 - INFO -   ✓ dataset_language_distribution → chapter_3_dataset/dataset_language_distribution.pdf
2025-11-17 13:08:09,329 - INFO -   ✓ 06_similarity_by_language → chapter_5_discussion/06_similarity_by_language.pdf
2025-11-17 13:08:09,382 - INFO -   ✓ 03_similarity_by_llm_pair → chapter_5_discussion/03_similarity_by_llm_pair.pdf
2025-11-17 13:08:09,445 - INFO -   ✓ 07_language_llm_similarity_heatmap → chapter_5_discussion/07_language_llm_similarity_heatmap.pdf
2025-11-17 13:08:09,506 - INFO -   ✓ 02_similarity_distribution → chapter_5_discussion/02_similarity_distribution.pdf
2025-11-17 13:08:09,629 - INFO -   ✓ 01_code_similarity_vs_delta_differences → chapter_5_discussion/01_code_similarity_vs_delta_differences.pdf
2025-11-17 13:08:09,730 - INFO -   ✓ 05_delta_metrics_distribution → chapter_5_discussion/05_delta_metrics_distribution.pdf
2025-11-17 13:08:09,783 - INFO -   ✓ prompt_versions_RAM_usage_barplot → appendix/prompt_versions_RAM_usage_barplot.pdf
2025-11-17 13:08:09,835 - INFO -   ✓ prompt_versions_CPU_usage_barplot → appendix/prompt_versions_CPU_usage_barplot.pdf
2025-11-17 13:08:09,888 - INFO -   ✓ prompt_versions_execution_time_ms_barplot → appendix/prompt_versions_execution_time_ms_barplot.pdf
2025-11-17 13:08:09,940 - INFO -   ✓ prompt_versions_pass_rate_boxplot → appendix/prompt_versions_pass_rate_boxplot.pdf
2025-11-17 13:08:09,993 - INFO -   ✓ prompt_versions_energy_joules_barplot → appendix/prompt_versions_energy_joules_barplot.pdf
2025-11-17 13:08:10,051 - INFO -   ✓ prompt_versions_RAM_usage_boxplot → appendix/prompt_versions_RAM_usage_boxplot.pdf
2025-11-17 13:08:10,118 - INFO -   ✓ prompt_versions_CPU_usage_boxplot → appendix/prompt_versions_CPU_usage_boxplot.pdf
2025-11-17 13:08:10,169 - INFO -   ✓ prompt_versions_pass_rate_barplot → appendix/prompt_versions_pass_rate_barplot.pdf
2025-11-17 13:08:10,232 - INFO -   ✓ prompt_versions_execution_time_ms_boxplot → appendix/prompt_versions_execution_time_ms_boxplot.pdf
2025-11-17 13:08:10,295 - INFO -   ✓ prompt_versions_energy_joules_boxplot → appendix/prompt_versions_energy_joules_boxplot.pdf
2025-11-17 13:08:10,352 - INFO -   ✓ languages_llm_RAM_usage_boxplot → appendix/languages_llm_RAM_usage_boxplot.pdf
2025-11-17 13:08:10,418 - INFO -   ✓ languages_llm_CPU_usage_boxplot → appendix/languages_llm_CPU_usage_boxplot.pdf
2025-11-17 13:08:10,479 - INFO -   ✓ languages_llm_execution_time_ms_boxplot → appendix/languages_llm_execution_time_ms_boxplot.pdf
2025-11-17 13:08:10,562 - INFO -   ✓ languages_distribution_CPU_usage_violin → appendix/languages_distribution_CPU_usage_violin.pdf
2025-11-17 13:08:10,635 - INFO -   ✓ languages_distribution_RAM_usage_violin → appendix/languages_distribution_RAM_usage_violin.pdf
2025-11-17 13:08:10,713 - INFO -   ✓ languages_distribution_energy_joules_violin → appendix/languages_distribution_energy_joules_violin.pdf
2025-11-17 13:08:10,788 - INFO -   ✓ languages_distribution_execution_time_ms_violin → appendix/languages_distribution_execution_time_ms_violin.pdf
2025-11-17 13:08:10,838 - INFO -   ✓ languages_base_pass_rate_boxplot → appendix/languages_base_pass_rate_boxplot.pdf
2025-11-17 13:08:10,899 - INFO -   ✓ languages_llm_energy_joules_boxplot → appendix/languages_llm_energy_joules_boxplot.pdf
2025-11-17 13:08:10,967 - INFO -   ✓ languages_distribution_pass_rate_violin → appendix/languages_distribution_pass_rate_violin.pdf
2025-11-17 13:08:11,021 - INFO -   ✓ languages_base_RAM_usage_boxplot → appendix/languages_base_RAM_usage_boxplot.pdf
2025-11-17 13:08:11,075 - INFO -   ✓ languages_base_CPU_usage_boxplot → appendix/languages_base_CPU_usage_boxplot.pdf
2025-11-17 13:08:11,131 - INFO -   ✓ languages_base_execution_time_ms_boxplot → appendix/languages_base_execution_time_ms_boxplot.pdf
2025-11-17 13:08:11,186 - INFO -   ✓ languages_base_energy_joules_boxplot → appendix/languages_base_energy_joules_boxplot.pdf
2025-11-17 13:08:11,237 - INFO -   ✓ languages_llm_pass_rate_boxplot → appendix/languages_llm_pass_rate_boxplot.pdf
2025-11-17 13:08:11,325 - INFO -   ✓ mean_comparison_pass_rate_barplot → chapter_4_results/mean_comparison_pass_rate_barplot.pdf
2025-11-17 13:08:11,437 - INFO -   ✓ model_prompt_version_energy_joules_boxplot → appendix/model_prompt_version_energy_joules_boxplot.pdf
2025-11-17 13:08:11,524 - INFO -   ✓ model_prompt_version_pass_rate_boxplot → appendix/model_prompt_version_pass_rate_boxplot.pdf
2025-11-17 13:08:11,613 - INFO -   ✓ mean_comparison_energy_joules_barplot → appendix/mean_comparison_energy_joules_barplot.pdf
2025-11-17 13:08:11,727 - INFO -   ✓ model_prompt_version_CPU_usage_boxplot → appendix/model_prompt_version_CPU_usage_boxplot.pdf
2025-11-17 13:08:11,828 - INFO -   ✓ model_prompt_version_RAM_usage_boxplot → appendix/model_prompt_version_RAM_usage_boxplot.pdf
2025-11-17 13:08:11,916 - INFO -   ✓ mean_comparison_execution_time_ms_barplot → appendix/mean_comparison_execution_time_ms_barplot.pdf
2025-11-17 13:08:12,029 - INFO -   ✓ model_prompt_version_execution_time_ms_boxplot → appendix/model_prompt_version_execution_time_ms_boxplot.pdf
2025-11-17 13:08:12,114 - INFO -   ✓ mean_comparison_CPU_usage_barplot → appendix/mean_comparison_CPU_usage_barplot.pdf
2025-11-17 13:08:12,200 - INFO -   ✓ mean_comparison_RAM_usage_barplot → appendix/mean_comparison_RAM_usage_barplot.pdf
2025-11-17 13:08:12,259 - INFO -   ✓ energy_vs_pass_rate_tradeoff → chapter_4_results/energy_vs_pass_rate_tradeoff.pdf
2025-11-17 13:08:12,371 - INFO -   ✓ language_model_energy_joules_boxplot → appendix/language_model_energy_joules_boxplot.pdf
2025-11-17 13:08:12,482 - INFO -   ✓ language_model_execution_time_ms_boxplot → appendix/language_model_execution_time_ms_boxplot.pdf
2025-11-17 13:08:12,584 - INFO -   ✓ language_model_RAM_usage_boxplot → appendix/language_model_RAM_usage_boxplot.pdf
2025-11-17 13:08:12,699 - INFO -   ✓ language_model_CPU_usage_boxplot → appendix/language_model_CPU_usage_boxplot.pdf
2025-11-17 13:08:12,791 - INFO -   ✓ language_model_pass_rate_boxplot → appendix/language_model_pass_rate_boxplot.pdf
2025-11-17 13:08:12,824 - INFO -   ✓ python → appendix/python.pdf
2025-11-17 13:08:12,857 - INFO -   ✓ cpp → appendix/cpp.pdf
2025-11-17 13:08:12,891 - INFO -   ✓ java → appendix/java.pdf
2025-11-17 13:08:12,924 - INFO -   ✓ javascript → appendix/javascript.pdf
2025-11-17 13:08:12,957 - INFO -   ✓ go → appendix/go.pdf
2025-11-17 13:08:12,990 - INFO -   ✓ c → appendix/c.pdf
2025-11-17 13:08:13,024 - INFO -   ✓ typescript → appendix/typescript.pdf
2025-11-17 13:08:13,057 - INFO -   ✓ python → appendix/python.pdf
2025-11-17 13:08:13,090 - INFO -   ✓ cpp → appendix/cpp.pdf
2025-11-17 13:08:13,123 - INFO -   ✓ java → appendix/java.pdf
2025-11-17 13:08:13,157 - INFO -   ✓ javascript → appendix/javascript.pdf
2025-11-17 13:08:13,190 - INFO -   ✓ go → appendix/go.pdf
2025-11-17 13:08:13,224 - INFO -   ✓ c → appendix/c.pdf
2025-11-17 13:08:13,257 - INFO -   ✓ typescript → appendix/typescript.pdf
2025-11-17 13:08:13,291 - INFO -   ✓ python → appendix/python.pdf
2025-11-17 13:08:13,324 - INFO -   ✓ cpp → appendix/cpp.pdf
2025-11-17 13:08:13,357 - INFO -   ✓ java → appendix/java.pdf
2025-11-17 13:08:13,389 - INFO -   ✓ javascript → appendix/javascript.pdf
2025-11-17 13:08:13,422 - INFO -   ✓ go → appendix/go.pdf
2025-11-17 13:08:13,456 - INFO -   ✓ c → appendix/c.pdf
2025-11-17 13:08:13,489 - INFO -   ✓ typescript → appendix/typescript.pdf
2025-11-17 13:08:13,521 - INFO -   ✓ python → appendix/python.pdf
2025-11-17 13:08:13,555 - INFO -   ✓ cpp → appendix/cpp.pdf
2025-11-17 13:08:13,589 - INFO -   ✓ java → appendix/java.pdf
2025-11-17 13:08:13,623 - INFO -   ✓ javascript → appendix/javascript.pdf
2025-11-17 13:08:13,656 - INFO -   ✓ go → appendix/go.pdf
2025-11-17 13:08:13,689 - INFO -   ✓ c → appendix/c.pdf
2025-11-17 13:08:13,723 - INFO -   ✓ typescript → appendix/typescript.pdf
2025-11-17 13:08:13,760 - INFO -   ✓ carbon_by_model_barplot → chapter_4_results/carbon_by_model_barplot.pdf
2025-11-17 13:08:13,801 - INFO -   ✓ carbon_by_language_boxplot → chapter_4_results/carbon_by_language_boxplot.pdf
2025-11-17 13:08:13,875 - INFO -   ✓ carbon_distribution_boxplot → chapter_4_results/carbon_distribution_boxplot.pdf
2025-11-17 13:08:13,916 - INFO -   ✓ energy_by_language_boxplot → chapter_4_results/energy_by_language_boxplot.pdf
2025-11-17 13:08:14,024 - INFO -   ✓ energy_distribution_boxplot → chapter_4_results/energy_distribution_boxplot.pdf
2025-11-17 13:08:14,060 - INFO -   ✓ energy_by_model_barplot → chapter_4_results/energy_by_model_barplot.pdf
2025-11-17 13:08:14,096 - INFO -   ✓ carbon_by_prompt_version_barplot → chapter_4_results/carbon_by_prompt_version_barplot.pdf
2025-11-17 13:08:14,131 - INFO -   ✓ energy_by_prompt_version_barplot → chapter_4_results/energy_by_prompt_version_barplot.pdf
2025-11-17 13:08:14,235 - INFO -   ✓ fig_improvement_distributions → chapter_4_results/fig_improvement_distributions.pdf
2025-11-17 13:08:14,357 - INFO -   ✓ fig_heatmap_model_prompt → chapter_4_results/fig_heatmap_model_prompt.pdf
2025-11-17 13:08:14,446 - INFO -   ✓ fig_invalid_and_outliers → appendix/fig_invalid_and_outliers.pdf
2025-11-17 13:08:14,581 - INFO -   ✓ fig_improvements_by_language → chapter_4_results/fig_improvements_by_language.pdf
2025-11-17 13:08:14,670 - INFO -   ✓ fig_improvements_by_model → chapter_4_results/fig_improvements_by_model.pdf
2025-11-17 13:08:14,759 - INFO -   ✓ fig_improvements_by_prompt → chapter_4_results/fig_improvements_by_prompt.pdf
2025-11-17 13:08:14,798 - INFO -   ✓ fig_success_rate → appendix/fig_success_rate.pdf
2025-11-17 13:08:14,950 - INFO -   ✓ fig_model_prompt_combinations_boxplots → appendix/fig_model_prompt_combinations_boxplots.pdf
2025-11-17 13:08:14,986 - INFO -   ✓ carbon_by_model_barplot → chapter_4_results/carbon_by_model_barplot.pdf
2025-11-17 13:08:15,028 - INFO -   ✓ carbon_by_language_boxplot → chapter_4_results/carbon_by_language_boxplot.pdf
2025-11-17 13:08:15,094 - INFO -   ✓ carbon_distribution_boxplot → chapter_4_results/carbon_distribution_boxplot.pdf
2025-11-17 13:08:15,129 - INFO -   ✓ carbon_by_prompt_version_barplot → chapter_4_results/carbon_by_prompt_version_barplot.pdf
2025-11-17 13:08:15,176 - INFO -   ✓ improvement_frequency_distribution_v1_pass_rate → appendix/improvement_frequency_distribution_v1_pass_rate.pdf
2025-11-17 13:08:15,226 - INFO -   ✓ improvements_by_language_v1_execution_time_ms → appendix/improvements_by_language_v1_execution_time_ms.pdf
2025-11-17 13:08:15,275 - INFO -   ✓ improvement_frequency_distribution_v1_CPU_usage → appendix/improvement_frequency_distribution_v1_CPU_usage.pdf
2025-11-17 13:08:15,314 - INFO -   ✓ improvements_by_model_v1_energy_joules → appendix/improvements_by_model_v1_energy_joules.pdf
2025-11-17 13:08:15,353 - INFO -   ✓ improvements_by_model_v1_RAM_usage → appendix/improvements_by_model_v1_RAM_usage.pdf
2025-11-17 13:08:15,403 - INFO -   ✓ improvements_by_language_v1_CPU_usage → appendix/improvements_by_language_v1_CPU_usage.pdf
2025-11-17 13:08:15,455 - INFO -   ✓ improvement_frequency_distribution_v1_energy_joules → appendix/improvement_frequency_distribution_v1_energy_joules.pdf
2025-11-17 13:08:15,502 - INFO -   ✓ claude_vv1_improvements_by_language_CPU_usage → appendix/claude_vv1_improvements_by_language_CPU_usage.pdf
2025-11-17 13:08:15,549 - INFO -   ✓ openAI_vv1_improvements_by_language_RAM_usage → appendix/openAI_vv1_improvements_by_language_RAM_usage.pdf
2025-11-17 13:08:15,596 - INFO -   ✓ gemini_vv1_improvements_by_language_energy_joules → appendix/gemini_vv1_improvements_by_language_energy_joules.pdf
2025-11-17 13:08:15,653 - INFO -   ✓ claude_vv1_improvements_by_language_pass_rate → appendix/claude_vv1_improvements_by_language_pass_rate.pdf
2025-11-17 13:08:15,699 - INFO -   ✓ improvements_by_language_v1_pass_rate → appendix/improvements_by_language_v1_pass_rate.pdf
2025-11-17 13:08:15,746 - INFO -   ✓ gemini_vv1_improvements_by_language_execution_time_ms → appendix/gemini_vv1_improvements_by_language_execution_time_ms.pdf
2025-11-17 13:08:15,792 - INFO -   ✓ gemini_vv1_improvements_by_language_RAM_usage → appendix/gemini_vv1_improvements_by_language_RAM_usage.pdf
2025-11-17 13:08:15,834 - INFO -   ✓ improvements_by_model_v1_execution_time_ms → appendix/improvements_by_model_v1_execution_time_ms.pdf
2025-11-17 13:08:15,881 - INFO -   ✓ claude_vv1_improvements_by_language_execution_time_ms → appendix/claude_vv1_improvements_by_language_execution_time_ms.pdf
2025-11-17 13:08:15,921 - INFO -   ✓ improvements_by_model_v1_CPU_usage → appendix/improvements_by_model_v1_CPU_usage.pdf
2025-11-17 13:08:15,970 - INFO -   ✓ improvements_by_language_v1_energy_joules → appendix/improvements_by_language_v1_energy_joules.pdf
2025-11-17 13:08:16,010 - INFO -   ✓ improvements_by_model_v1_pass_rate → appendix/improvements_by_model_v1_pass_rate.pdf
2025-11-17 13:08:16,061 - INFO -   ✓ improvement_frequency_distribution_v1_RAM_usage → appendix/improvement_frequency_distribution_v1_RAM_usage.pdf
2025-11-17 13:08:16,113 - INFO -   ✓ improvement_frequency_distribution_v1_execution_time_ms → appendix/improvement_frequency_distribution_v1_execution_time_ms.pdf
2025-11-17 13:08:16,162 - INFO -   ✓ claude_vv1_improvements_by_language_energy_joules → appendix/claude_vv1_improvements_by_language_energy_joules.pdf
2025-11-17 13:08:16,221 - INFO -   ✓ gemini_vv1_improvements_by_language_pass_rate → appendix/gemini_vv1_improvements_by_language_pass_rate.pdf
2025-11-17 13:08:16,269 - INFO -   ✓ gemini_vv1_improvements_by_language_CPU_usage → appendix/gemini_vv1_improvements_by_language_CPU_usage.pdf
2025-11-17 13:08:16,318 - INFO -   ✓ openAI_vv1_improvements_by_language_execution_time_ms → appendix/openAI_vv1_improvements_by_language_execution_time_ms.pdf
2025-11-17 13:08:16,365 - INFO -   ✓ improvements_by_language_v1_RAM_usage → appendix/improvements_by_language_v1_RAM_usage.pdf
2025-11-17 13:08:16,412 - INFO -   ✓ claude_vv1_improvements_by_language_RAM_usage → appendix/claude_vv1_improvements_by_language_RAM_usage.pdf
2025-11-17 13:08:16,461 - INFO -   ✓ openAI_vv1_improvements_by_language_energy_joules → appendix/openAI_vv1_improvements_by_language_energy_joules.pdf
2025-11-17 13:08:16,511 - INFO -   ✓ openAI_vv1_improvements_by_language_CPU_usage → appendix/openAI_vv1_improvements_by_language_CPU_usage.pdf
2025-11-17 13:08:16,572 - INFO -   ✓ openAI_vv1_improvements_by_language_pass_rate → appendix/openAI_vv1_improvements_by_language_pass_rate.pdf
2025-11-17 13:08:16,613 - INFO -   ✓ improvements_by_model_v4_energy_joules → appendix/improvements_by_model_v4_energy_joules.pdf
2025-11-17 13:08:16,660 - INFO -   ✓ improvements_by_language_v4_RAM_usage → appendix/improvements_by_language_v4_RAM_usage.pdf
2025-11-17 13:08:16,711 - INFO -   ✓ claude_vv4_improvements_by_language_energy_joules → appendix/claude_vv4_improvements_by_language_energy_joules.pdf
2025-11-17 13:08:16,750 - INFO -   ✓ improvements_by_model_v4_execution_time_ms → appendix/improvements_by_model_v4_execution_time_ms.pdf
2025-11-17 13:08:16,799 - INFO -   ✓ gemini_vv4_improvements_by_language_execution_time_ms → appendix/gemini_vv4_improvements_by_language_execution_time_ms.pdf
2025-11-17 13:08:16,848 - INFO -   ✓ improvement_frequency_distribution_v4_RAM_usage → appendix/improvement_frequency_distribution_v4_RAM_usage.pdf
2025-11-17 13:08:16,898 - INFO -   ✓ improvement_frequency_distribution_v4_energy_joules → appendix/improvement_frequency_distribution_v4_energy_joules.pdf
2025-11-17 13:08:16,943 - INFO -   ✓ gemini_vv4_improvements_by_language_RAM_usage → appendix/gemini_vv4_improvements_by_language_RAM_usage.pdf
2025-11-17 13:08:16,990 - INFO -   ✓ openAI_vv4_improvements_by_language_RAM_usage → appendix/openAI_vv4_improvements_by_language_RAM_usage.pdf
2025-11-17 13:08:17,038 - INFO -   ✓ claude_vv4_improvements_by_language_CPU_usage → appendix/claude_vv4_improvements_by_language_CPU_usage.pdf
2025-11-17 13:08:17,078 - INFO -   ✓ improvements_by_model_v4_CPU_usage → appendix/improvements_by_model_v4_CPU_usage.pdf
2025-11-17 13:08:17,129 - INFO -   ✓ improvement_frequency_distribution_v4_execution_time_ms → appendix/improvement_frequency_distribution_v4_execution_time_ms.pdf
2025-11-17 13:08:17,180 - INFO -   ✓ openAI_vv4_improvements_by_language_energy_joules → appendix/openAI_vv4_improvements_by_language_energy_joules.pdf
2025-11-17 13:08:17,217 - INFO -   ✓ improvements_by_model_v4_pass_rate → appendix/improvements_by_model_v4_pass_rate.pdf
2025-11-17 13:08:17,273 - INFO -   ✓ claude_vv4_improvements_by_language_pass_rate → appendix/claude_vv4_improvements_by_language_pass_rate.pdf
2025-11-17 13:08:17,327 - INFO -   ✓ improvements_by_language_v4_energy_joules → appendix/improvements_by_language_v4_energy_joules.pdf
2025-11-17 13:08:17,377 - INFO -   ✓ improvements_by_language_v4_CPU_usage → appendix/improvements_by_language_v4_CPU_usage.pdf
2025-11-17 13:08:17,426 - INFO -   ✓ claude_vv4_improvements_by_language_execution_time_ms → appendix/claude_vv4_improvements_by_language_execution_time_ms.pdf
2025-11-17 13:08:17,473 - INFO -   ✓ improvements_by_language_v4_pass_rate → appendix/improvements_by_language_v4_pass_rate.pdf
2025-11-17 13:08:17,522 - INFO -   ✓ openAI_vv4_improvements_by_language_CPU_usage → appendix/openAI_vv4_improvements_by_language_CPU_usage.pdf
2025-11-17 13:08:17,569 - INFO -   ✓ claude_vv4_improvements_by_language_RAM_usage → appendix/claude_vv4_improvements_by_language_RAM_usage.pdf
2025-11-17 13:08:17,608 - INFO -   ✓ improvements_by_model_v4_RAM_usage → appendix/improvements_by_model_v4_RAM_usage.pdf
2025-11-17 13:08:17,659 - INFO -   ✓ gemini_vv4_improvements_by_language_energy_joules → appendix/gemini_vv4_improvements_by_language_energy_joules.pdf
2025-11-17 13:08:17,716 - INFO -   ✓ openAI_vv4_improvements_by_language_pass_rate → appendix/openAI_vv4_improvements_by_language_pass_rate.pdf
2025-11-17 13:08:17,768 - INFO -   ✓ improvements_by_language_v4_execution_time_ms → appendix/improvements_by_language_v4_execution_time_ms.pdf
2025-11-17 13:08:17,816 - INFO -   ✓ improvement_frequency_distribution_v4_pass_rate → appendix/improvement_frequency_distribution_v4_pass_rate.pdf
2025-11-17 13:08:17,875 - INFO -   ✓ gemini_vv4_improvements_by_language_pass_rate → appendix/gemini_vv4_improvements_by_language_pass_rate.pdf
2025-11-17 13:08:17,927 - INFO -   ✓ openAI_vv4_improvements_by_language_execution_time_ms → appendix/openAI_vv4_improvements_by_language_execution_time_ms.pdf
2025-11-17 13:08:17,979 - INFO -   ✓ improvement_frequency_distribution_v4_CPU_usage → appendix/improvement_frequency_distribution_v4_CPU_usage.pdf
2025-11-17 13:08:18,029 - INFO -   ✓ gemini_vv4_improvements_by_language_CPU_usage → appendix/gemini_vv4_improvements_by_language_CPU_usage.pdf
2025-11-17 13:08:18,104 - INFO -   ✓ gemini_v1_vs_v4_pass_rate_comparison → appendix/gemini_v1_vs_v4_pass_rate_comparison.pdf
2025-11-17 13:08:18,165 - INFO -   ✓ openAI_v1_vs_v4_RAM_usage_comparison → appendix/openAI_v1_vs_v4_RAM_usage_comparison.pdf
2025-11-17 13:08:18,232 - INFO -   ✓ openAI_v1_vs_v4_CPU_usage_comparison → appendix/openAI_v1_vs_v4_CPU_usage_comparison.pdf
2025-11-17 13:08:18,300 - INFO -   ✓ openAI_v1_vs_v4_execution_time_ms_comparison → appendix/openAI_v1_vs_v4_execution_time_ms_comparison.pdf
2025-11-17 13:08:18,363 - INFO -   ✓ claude_v1_vs_v4_RAM_usage_comparison → appendix/claude_v1_vs_v4_RAM_usage_comparison.pdf
2025-11-17 13:08:18,429 - INFO -   ✓ claude_v1_vs_v4_CPU_usage_comparison → appendix/claude_v1_vs_v4_CPU_usage_comparison.pdf
2025-11-17 13:08:18,496 - INFO -   ✓ gemini_v1_vs_v4_execution_time_ms_comparison → appendix/gemini_v1_vs_v4_execution_time_ms_comparison.pdf
2025-11-17 13:08:18,564 - INFO -   ✓ claude_v1_vs_v4_execution_time_ms_comparison → appendix/claude_v1_vs_v4_execution_time_ms_comparison.pdf
2025-11-17 13:08:18,633 - INFO -   ✓ openAI_v1_vs_v4_energy_joules_comparison → appendix/openAI_v1_vs_v4_energy_joules_comparison.pdf
2025-11-17 13:08:18,708 - INFO -   ✓ claude_v1_vs_v4_pass_rate_comparison → appendix/claude_v1_vs_v4_pass_rate_comparison.pdf
2025-11-17 13:08:18,776 - INFO -   ✓ claude_v1_vs_v4_energy_joules_comparison → appendix/claude_v1_vs_v4_energy_joules_comparison.pdf
2025-11-17 13:08:18,851 - INFO -   ✓ openAI_v1_vs_v4_pass_rate_comparison → appendix/openAI_v1_vs_v4_pass_rate_comparison.pdf
2025-11-17 13:08:18,913 - INFO -   ✓ gemini_v1_vs_v4_RAM_usage_comparison → appendix/gemini_v1_vs_v4_RAM_usage_comparison.pdf
2025-11-17 13:08:18,979 - INFO -   ✓ gemini_v1_vs_v4_CPU_usage_comparison → appendix/gemini_v1_vs_v4_CPU_usage_comparison.pdf
2025-11-17 13:08:19,048 - INFO -   ✓ gemini_v1_vs_v4_energy_joules_comparison → appendix/gemini_v1_vs_v4_energy_joules_comparison.pdf
2025-11-17 13:08:19,098 - INFO -   ✓ openAI_vv3_improvements_by_language_CPU_usage → appendix/openAI_vv3_improvements_by_language_CPU_usage.pdf
2025-11-17 13:08:19,147 - INFO -   ✓ claude_vv2_improvements_by_language_execution_time_ms → appendix/claude_vv2_improvements_by_language_execution_time_ms.pdf
2025-11-17 13:08:19,195 - INFO -   ✓ claude_vv3_improvements_by_language_RAM_usage → appendix/claude_vv3_improvements_by_language_RAM_usage.pdf
2025-11-17 13:08:19,246 - INFO -   ✓ gemini_vv3_improvements_by_language_execution_time_ms → appendix/gemini_vv3_improvements_by_language_execution_time_ms.pdf
2025-11-17 13:08:19,302 - INFO -   ✓ openAI_vv3_improvements_by_language_pass_rate → appendix/openAI_vv3_improvements_by_language_pass_rate.pdf
2025-11-17 13:08:19,360 - INFO -   ✓ gemini_vv3_improvements_by_language_pass_rate → appendix/gemini_vv3_improvements_by_language_pass_rate.pdf
2025-11-17 13:08:19,408 - INFO -   ✓ gemini_vv3_improvements_by_language_CPU_usage → appendix/gemini_vv3_improvements_by_language_CPU_usage.pdf
2025-11-17 13:08:19,459 - INFO -   ✓ gemini_vv2_improvements_by_language_energy_joules → appendix/gemini_vv2_improvements_by_language_energy_joules.pdf
2025-11-17 13:08:19,516 - INFO -   ✓ claude_vv2_improvements_by_language_pass_rate → appendix/claude_vv2_improvements_by_language_pass_rate.pdf
2025-11-17 13:08:19,562 - INFO -   ✓ openAI_vv2_improvements_by_language_RAM_usage → appendix/openAI_vv2_improvements_by_language_RAM_usage.pdf
2025-11-17 13:08:19,613 - INFO -   ✓ openAI_vv2_improvements_by_language_execution_time_ms → appendix/openAI_vv2_improvements_by_language_execution_time_ms.pdf
2025-11-17 13:08:19,662 - INFO -   ✓ claude_vv2_improvements_by_language_CPU_usage → appendix/claude_vv2_improvements_by_language_CPU_usage.pdf
2025-11-17 13:08:19,708 - INFO -   ✓ gemini_vv2_improvements_by_language_RAM_usage → appendix/gemini_vv2_improvements_by_language_RAM_usage.pdf
2025-11-17 13:08:19,760 - INFO -   ✓ gemini_vv3_improvements_by_language_energy_joules → appendix/gemini_vv3_improvements_by_language_energy_joules.pdf
2025-11-17 13:08:19,812 - INFO -   ✓ claude_vv3_improvements_by_language_energy_joules → appendix/claude_vv3_improvements_by_language_energy_joules.pdf
2025-11-17 13:08:19,858 - INFO -   ✓ gemini_vv3_improvements_by_language_RAM_usage → appendix/gemini_vv3_improvements_by_language_RAM_usage.pdf
2025-11-17 13:08:19,909 - INFO -   ✓ openAI_vv2_improvements_by_language_energy_joules → appendix/openAI_vv2_improvements_by_language_energy_joules.pdf
2025-11-17 13:08:19,954 - INFO -   ✓ openAI_vv3_improvements_by_language_RAM_usage → appendix/openAI_vv3_improvements_by_language_RAM_usage.pdf
2025-11-17 13:08:20,004 - INFO -   ✓ claude_vv3_improvements_by_language_CPU_usage → appendix/claude_vv3_improvements_by_language_CPU_usage.pdf
2025-11-17 13:08:20,053 - INFO -   ✓ openAI_vv3_improvements_by_language_execution_time_ms → appendix/openAI_vv3_improvements_by_language_execution_time_ms.pdf
2025-11-17 13:08:20,111 - INFO -   ✓ claude_vv3_improvements_by_language_pass_rate → appendix/claude_vv3_improvements_by_language_pass_rate.pdf
2025-11-17 13:08:20,164 - INFO -   ✓ claude_vv2_improvements_by_language_energy_joules → appendix/claude_vv2_improvements_by_language_energy_joules.pdf
2025-11-17 13:08:20,211 - INFO -   ✓ gemini_vv2_improvements_by_language_CPU_usage → appendix/gemini_vv2_improvements_by_language_CPU_usage.pdf
2025-11-17 13:08:20,268 - INFO -   ✓ gemini_vv2_improvements_by_language_pass_rate → appendix/gemini_vv2_improvements_by_language_pass_rate.pdf
2025-11-17 13:08:20,319 - INFO -   ✓ openAI_vv3_improvements_by_language_energy_joules → appendix/openAI_vv3_improvements_by_language_energy_joules.pdf
2025-11-17 13:08:20,368 - INFO -   ✓ gemini_vv2_improvements_by_language_execution_time_ms → appendix/gemini_vv2_improvements_by_language_execution_time_ms.pdf
2025-11-17 13:08:20,425 - INFO -   ✓ openAI_vv2_improvements_by_language_pass_rate → appendix/openAI_vv2_improvements_by_language_pass_rate.pdf
2025-11-17 13:08:20,474 - INFO -   ✓ claude_vv3_improvements_by_language_execution_time_ms → appendix/claude_vv3_improvements_by_language_execution_time_ms.pdf
2025-11-17 13:08:20,522 - INFO -   ✓ openAI_vv2_improvements_by_language_CPU_usage → appendix/openAI_vv2_improvements_by_language_CPU_usage.pdf
2025-11-17 13:08:20,570 - INFO -   ✓ claude_vv2_improvements_by_language_RAM_usage → appendix/claude_vv2_improvements_by_language_RAM_usage.pdf
2025-11-17 13:08:20,570 - INFO - 
================================================================================
2025-11-17 13:08:20,570 - INFO - Conversion Complete!
2025-11-17 13:08:20,570 - INFO - ================================================================================
2025-11-17 13:08:20,570 - INFO - Total files processed: 224
2025-11-17 13:08:20,570 - INFO - Successfully converted: 224
2025-11-17 13:08:20,570 - INFO - Failed conversions: 0
2025-11-17 13:08:20,570 - INFO - 
PDF plots organized in:
2025-11-17 13:08:20,570 - INFO -   • /Users/piccoletto/Desktop/Everything/pisa/tesi/scrittura/plots_pdf/chapter_3_dataset
2025-11-17 13:08:20,570 - INFO -   • /Users/piccoletto/Desktop/Everything/pisa/tesi/scrittura/plots_pdf/chapter_4_results
2025-11-17 13:08:20,570 - INFO -   • /Users/piccoletto/Desktop/Everything/pisa/tesi/scrittura/plots_pdf/chapter_5_discussion
2025-11-17 13:08:20,570 - INFO -   • /Users/piccoletto/Desktop/Everything/pisa/tesi/scrittura/plots_pdf/appendix
2025-11-17 13:08:20,570 - INFO - ================================================================================
[0;32m[SUCCESS][0m PNG to PDF conversion completed
[0;32m[SUCCESS][0m All plot generation tasks completed successfully!
=== Plot Generation Pipeline Completed at Mon Nov 17 13:08:20 CET 2025 ===
